OTUID,SRR19238715,SRR19238716,SRR19238717,SRR19238718,SRR19238719,SRR19238720,SRR19238721,SRR19238722,SRR19238723,SRR19238724,SRR19238725,SRR19238726,SRR19238727,SRR19238728,SRR19238729,SRR19238730,SRR19238731,SRR19238732,SRR19238733
f4ae02ff72299770af13716ab3fd09b3,0,10,0,0,0,0,0,0,0,0,0,0,0,0,0,0,0,0,0
33998db32c4633e8f67a26dcd7846678,0,0,0,0,0,0,0,0,0,0,0,0,0,0,0,0,0,0,17
2779940cf8762ebe531b3017535d8683,0,0,0,29,0,0,0,0,0,0,0,0,0,0,0,0,0,0,0
990c4fe5899859215bb6961f744117dc,0,0,0,0,8,0,0,0,0,0,0,0,0,0,0,0,0,0,0
575e929fb182ce55fdf058aa81dbf9f3,0,0,0,9,0,0,0,0,0,0,0,0,0,0,0,0,0,0,0
fa6f216574015de587ba0d0aefed1c12,0,0,0,0,0,0,0,0,0,0,0,0,0,7,0,0,0,0,0
63076f1078e4aa8401323da7308878ec,0,0,0,0,0,14,0,0,0,0,0,0,0,0,0,0,0,0,0
2ec9314dce17283c0afb6d14c95f0114,0,0,0,0,0,0,0,0,0,0,51,25,37,0,0,0,0,0,0
e7a61c6113c0b4261f5ebf24445a58ba,0,0,0,0,0,46,60,71,0,0,0,0,0,0,0,0,0,0,0
2ac21cc6437a2ea9b1e7d89628232090,0,0,0,0,0,0,194,0,0,0,0,0,0,0,0,0,0,0,0
e252efcbc82225a14678721b6a87f86e,0,0,0,0,0,0,0,0,0,0,94,0,89,0,0,0,0,0,0
4684ee7a131ff2d828e8e77c272ee04f,0,0,0,0,0,0,38,0,66,6,70,0,55,0,0,20,104,0,0
62dc9a917d6b6e172209ea9198feea05,0,0,0,0,0,39,81,0,0,0,0,0,0,0,0,0,0,0,0
97a645437f361e27974c98f30cfd37f5,0,0,0,0,0,0,66,0,0,0,0,0,0,0,0,0,0,0,0
912007287c5dc968d12182aedbb4ce7a,0,0,0,0,0,0,0,9,0,0,34,0,5,0,0,12,57,0,0
86129d65bcc25bf4850bf949a9110c42,0,0,0,0,0,0,43,18,0,0,0,0,0,0,0,0,0,0,0
1ee698fb3b156f6b4ad83ff1acd6ed11,0,0,0,0,0,0,0,0,0,0,10,0,0,0,0,0,0,0,0
6900853fd0213b170257fbc60ec81726,0,0,0,0,0,0,93,0,0,0,0,0,0,0,0,0,0,0,0
37e62fc1aeb8f0a2f752773fa9e97552,0,0,0,0,0,0,82,0,0,0,0,0,0,0,0,0,0,0,0
c7bcf90b23b3626ce9a0d0bf47211e87,0,0,0,9,0,0,0,0,0,0,0,0,0,0,0,0,0,0,0
cfc0e855222358267ab53d4029e394b5,0,0,0,0,0,0,0,0,0,0,0,0,0,0,28,0,0,0,0
ba62036efc38ac98982b49a387d59bfc,0,0,0,0,11,0,0,0,0,0,0,0,0,0,0,0,0,0,0
537383d3d9a7d5fca56a05ce6bd26b76,0,0,0,0,25,0,0,0,0,0,0,0,0,0,0,0,0,0,0
49dec67fc71b01935de5e277467c4ce9,0,0,0,0,0,0,0,0,0,0,0,0,0,0,0,0,61,0,0
98b6dce07326edff736c356096c19ff8,0,0,0,0,0,0,51,21,0,0,0,0,0,0,0,0,0,0,0
fead6cd608a0ad12840551673fcca986,0,0,0,0,0,0,0,0,0,0,0,0,0,11,0,0,0,0,0
608ecf35430d73755a9a8254a026cd09,0,0,0,0,0,0,0,0,0,0,0,0,0,0,0,26,0,0,0
b36ac713e42c3b978d8af2f8b31afc8a,0,0,0,0,0,0,39,0,0,0,8,20,0,0,0,0,0,0,0
90f3194bc841266853c0d7b55c605a91,0,0,0,0,0,0,0,0,0,14,0,0,0,0,0,0,0,0,0
8ce2977feee72adbb751c665ea4a004d,0,0,0,0,0,0,0,0,0,7,0,0,0,0,0,0,0,0,0
cd49649da2684688f74f730a3e296ea2,0,0,0,0,0,0,0,0,0,8,0,0,0,0,0,0,0,0,0
f263b8ab5c830338c29519ec30792ec3,0,0,0,0,6,0,0,0,0,0,0,0,0,0,0,0,0,0,0
386c514cb78a48ce5cb6f83d5c7a68ae,658,709,406,203,280,0,0,0,0,0,0,0,0,29,0,0,0,1205,1306
56b12128942b3108c253b50b281ee5f5,0,0,0,0,0,50,95,107,35,80,49,42,65,0,0,85,51,0,0
a9233f3daaa7df8d8bcfc831d7c6892c,0,0,0,0,0,0,0,0,66,0,0,0,0,0,0,0,0,0,0
c4328f9b6539b5d03e14ebc4d5ecc2c3,0,0,0,0,0,0,20,0,0,73,0,46,0,0,0,0,0,0,0
cfb0b9430938389e7b0d71cc15d320a6,0,0,0,0,0,57,687,94,0,64,135,44,113,0,0,0,0,0,0
920365da3a115f5423e8ba6a9a09c1df,0,0,0,0,0,0,0,0,0,151,0,81,0,0,0,0,0,0,0
ced92abd9a0740e6d74aa2d5775100ac,0,0,0,0,0,0,28,0,0,0,0,0,0,0,0,0,0,0,0
d3b59642380e4d4ee391dab52a104abc,0,0,0,0,0,49,260,115,0,75,227,64,95,75,57,0,22,0,0
4fdabd098717b3e7e2c003005433e912,0,0,0,41,0,0,0,0,0,0,0,0,0,0,0,0,0,0,0
7666ac8c015a9c5ad3d3ff45175f4c04,0,0,0,0,0,0,0,0,0,0,0,0,0,17,0,0,0,0,0
02b19c3cdd83724b5fce4f56b745ea93,94,26,0,97,112,0,0,0,0,0,0,0,0,0,0,0,0,0,0
2367fd96d902db843bed10b9648b724d,0,0,0,0,28,0,0,0,0,0,0,0,0,0,0,0,0,0,0
b7722c1da3a9fb79f70facd288213e67,0,0,0,0,0,0,0,0,0,0,0,5,0,0,0,0,0,0,0
f598fb3fc2a354b0b8559a5fbcde2323,17,24,16,19,0,0,0,0,0,0,38,0,0,102,109,0,58,0,0
db325ecb5aa79520e5b6cbe3e70014ff,36,47,19,73,59,0,0,0,0,0,0,0,0,36,46,0,0,0,0
2ce944a22b6bb4e55d1bb7707fe953b2,0,0,0,0,0,0,67,0,0,0,0,0,0,0,0,0,0,0,0
e1d4d9e999911a265267260c0eea4b8e,143,93,65,592,459,0,0,0,0,0,0,0,0,85,46,0,0,0,16
d94cfab79e2306a2327bb51ef62f1faa,0,0,0,0,0,0,0,0,0,0,0,0,0,0,9,0,0,0,0
ff2ef234acc1ca0e3cbb900c3be2e4fe,0,0,0,0,12,0,0,0,0,0,0,0,0,0,0,0,0,0,0
666d3dbce836040b2ade94170f6252c5,0,0,0,0,0,0,0,0,0,0,11,0,0,0,0,0,0,0,0
7a2274575d3115f718be8a51e451a6ce,0,0,0,0,0,81,173,49,0,0,0,0,0,0,0,0,0,0,0
e93eeafff6ae33b22ba0ef648499f522,0,0,0,0,0,0,0,0,0,31,0,0,0,0,0,0,0,0,0
0cf1a1c32f52118fd80bced09c91ff36,15,0,0,0,0,0,0,0,0,0,0,0,0,0,0,0,0,0,0
9262533b55e3057ad8b52deb4677d608,0,0,0,0,0,0,0,0,0,31,0,0,0,0,0,17,0,0,0
bbb72c09fea3f9e3b72cec6309c4f8bb,0,0,0,0,0,0,0,0,0,23,0,0,0,0,0,0,0,0,0
06588724c7e2cea5f634c4bb1ff612ad,0,0,0,0,0,24,51,9,0,39,0,0,0,0,0,0,0,0,0
989a16a7ac14f401f45ab99a41d25a58,0,0,0,0,0,0,0,0,0,64,0,21,36,0,0,0,0,0,0
3f386604883c36d0ad5554f354ee5db2,0,0,0,0,0,0,0,0,0,19,0,0,0,0,0,0,0,0,0
5a2c38830458ed42c2b9ebb405a74348,0,0,0,0,0,0,0,0,0,63,13,89,0,0,0,0,0,0,0
d5d80a670591d6309f2f11ad68bf083b,0,0,0,0,0,3,0,0,0,202,66,0,0,0,0,0,0,0,0
7f996cba3b8781de873507881b584e30,10,0,0,0,0,94,188,138,0,22,0,26,120,0,59,0,117,0,0
39350e414749f92957374b81918acf9e,0,0,0,0,0,0,41,0,0,0,0,0,0,0,0,0,0,0,0
617b27563a7e211fd9ad5513d11b2eb0,0,0,0,0,0,0,0,0,30,0,0,0,0,0,0,0,0,0,0
117e74e40ff7ef11b48f824955e898bd,0,0,0,0,0,0,0,0,0,0,55,0,0,0,0,0,28,0,0
d3859a2aa82b4203132d698f6d4eb7a1,0,0,0,5,0,764,855,1283,0,1116,295,0,91,0,0,46,28,0,0
73838a686080838164aee225e279390d,0,0,0,0,0,0,0,0,0,0,0,0,0,0,0,0,0,30,0
7cf70c7328dd543650c23a891cede495,0,0,0,7,0,0,0,0,0,0,0,0,0,0,0,0,0,0,0
59b913afd045a031a2032366a4bc0833,0,6,0,0,0,0,0,0,0,0,0,0,0,0,0,0,0,0,0
92d97fa3ff1eaea527c37c71dccf1097,0,0,0,0,61,0,0,0,0,0,0,0,0,0,0,0,0,0,0
956946776166329c9a84c8a1bf5d27f8,251,1439,345,94,865,0,0,0,0,0,0,0,0,0,7,0,0,709,301
9fb9102b4dfc14e5980954556971e467,0,11,0,0,0,0,0,0,0,0,0,0,0,0,0,0,0,0,0
ce5dd98316a7323a0ef6987842352bfa,0,5,0,0,25,0,0,0,0,0,0,0,0,0,0,0,0,0,0
ff6d2dc6cbde3209baedddca8f960339,0,0,0,20,0,0,0,0,0,0,0,0,0,68,54,0,0,0,0
f5db3da86b98fc5973528a86085cba5f,0,0,0,0,0,0,0,0,0,0,0,0,0,0,0,7,0,0,0
ad224bc69826783c1c4553c3228b5d92,0,0,0,0,0,9,26,0,0,0,0,0,0,0,0,55,56,0,0
f4c683334a4434c5a422cdc6e910dc5b,0,0,0,0,0,0,0,0,0,32,15,0,0,0,0,0,0,0,0
ad246f3fa20e21d8ec94d1032f10bac8,0,0,0,0,0,0,0,0,0,18,0,0,0,0,0,0,0,0,0
727b19a3f7c7e8c08e740fef32498a63,0,0,0,72,71,0,0,0,0,0,0,0,0,0,0,0,0,0,0
5d96e958ac52ebfd3e3e23942dd01308,0,0,0,0,20,0,0,0,0,0,0,0,0,0,0,0,0,0,0
8a01ee3c4f4165468dcf4b362869bda1,62,49,75,0,0,0,0,0,0,0,0,0,0,48,79,0,0,55,31
e52ff727a2ef7bf0f8611af5384ce12d,0,0,0,6,0,0,0,0,0,0,0,0,0,0,0,0,0,0,0
7135c8090f8beb57de2c40b2a8713611,0,0,0,0,0,0,50,11,0,0,0,0,0,0,0,0,0,0,0
9ede0594d30665598a87a4f4d5ffe48e,0,0,0,3,0,0,0,0,0,0,0,0,0,0,0,0,0,0,0
746c424fbacdb9d8635bb1fc250130f3,0,21,0,17,0,0,0,0,0,0,0,0,0,0,0,0,0,0,0
a42902fb9f6baac0a47a436d4b0cef88,0,0,0,0,0,0,0,0,0,10,0,0,0,0,0,0,0,0,0
2eb8b441b8383ae7108116cd613383a8,0,0,0,0,0,0,0,0,0,0,0,0,0,54,0,0,0,0,0
16732ff200782618acd691f41570460a,0,16,0,0,47,260,124,0,0,414,84,264,57,3422,79,662,31,0,0
5987cf4f59c3ef1d1fccb535e1e99407,0,0,0,0,0,0,0,0,0,58,0,40,0,0,0,0,0,0,0
16b43c901869d0b9c78503082fe35e87,0,0,0,0,0,0,0,0,0,0,0,0,0,114,0,0,0,0,0
80dc0a63a2a2637d5a879ef59fd6d075,0,23,0,0,0,0,0,0,0,64,13,39,0,388,56,61,7,0,0
4df3d1025d362f13518aa9fab4952cef,231,141,111,237,374,0,0,0,0,0,0,0,0,411,565,0,0,127,52
1a7715c0c21bf4b0fb410e349b52adb1,0,0,0,0,0,0,26,0,0,0,0,0,0,0,0,0,0,0,0
a317ac168a7bb1c3a68f1ef3131335df,0,0,0,0,0,0,0,0,0,5,0,0,0,0,0,0,0,0,0
5a5d98ae922c86707474fc68f653ab03,0,0,0,0,0,10,75,21,0,0,0,0,0,0,0,0,0,0,0
bf09b5d86ed9332af94b951ea07e15c3,0,0,0,0,0,0,0,0,14,0,0,0,0,0,0,0,0,0,0
163cc11619769067138ec7e84934b3d3,0,0,0,0,0,0,0,6,0,0,0,0,25,0,0,0,24,0,0
f742ba7748e85e819fe6d7d7f5c99258,0,0,0,0,0,0,0,0,0,0,0,0,0,0,0,0,56,0,0
9a6efd6fa58796310116f54a46a0e77f,0,0,0,0,0,0,0,0,75,0,0,0,0,0,0,0,0,0,0
c721b07b90ec3773f52682d272f3c3bb,0,0,0,0,0,0,0,0,0,0,0,0,0,36,0,0,0,0,0
957dc9144fe2409e299f7a4e07661663,8,0,0,78,54,0,0,0,0,0,0,0,0,0,0,0,0,0,0
4b54f3e681d48541736aeefbe6d49da5,7,0,0,0,0,0,0,0,0,0,0,0,0,0,0,0,0,0,0
a74e474418e79ffff484acb2847d918a,0,0,0,0,54,0,0,0,0,0,0,0,0,0,0,0,0,0,0
127c5fd91c8cc88f8d704c56988b18ea,0,0,0,34,27,0,0,0,0,0,0,0,0,0,0,0,0,0,0
76e60604a4c738bedf1ffac34cbb6fd9,0,0,0,0,0,0,0,0,0,0,0,0,0,10,0,0,0,0,0
42a2a436ba0282b0fd70691fa74a3414,0,0,0,0,0,0,0,0,0,0,0,0,0,16,0,0,0,0,0
67f00b40edfda4ddec9cc80c3c0776b4,0,0,0,323,220,0,0,0,0,0,0,0,0,0,0,0,0,0,0
724312d1644b9c231717c93dd4755b34,0,0,0,17,26,0,0,0,0,0,0,0,0,0,0,0,0,0,0
27ca60b595d5f46652aad85ae19c2f83,10,4,6,12,9,0,0,0,0,0,0,0,0,110,162,0,0,0,0
910c35b70817382e6822362aff9be12d,0,0,0,0,0,0,36,0,0,0,0,0,0,0,0,0,0,0,0
ce0633c0d1094ff53df55c5b6ea260e7,0,17,0,34,25,0,0,0,0,0,0,0,0,0,0,0,0,0,0
77c9ed16e384057f217cc691f26f9205,0,0,0,370,280,0,0,0,0,0,0,0,0,0,0,0,0,0,0
435a7788b212b736b6b509716a74bd13,46,17,0,173,237,0,0,0,0,0,0,0,0,0,0,0,0,0,0
fa8eefd04b71d86e0212cc33bdcc663e,0,7,0,0,10,0,0,0,0,0,0,0,0,0,16,0,0,0,0
36878dd22bc9189ec11e9e97543e4f15,0,0,0,30,11,100,363,225,0,65,244,37,66,45,33,5,68,0,0
47105ddec665cfa640e0d2466f13347e,0,0,0,0,0,0,0,0,16,0,0,0,0,0,0,0,0,0,0
2223ca2c908acd4b3ebfb58f040a23f2,0,0,0,0,0,63,111,57,0,0,22,59,54,0,0,0,11,0,0
adee772f8710430f88aa21303b0386ba,0,0,0,0,0,0,0,0,0,0,0,0,55,0,0,0,0,0,0
7d08743d17eea3040fc6ff27becebc2b,0,0,0,0,0,0,0,0,0,0,0,0,0,0,0,2,35,0,0
980e2f044c74a6078c9a97d4a702737d,0,0,0,0,0,0,0,17,0,7,0,42,5,0,0,78,6,0,0
52ccb2c5539f12e2f9224526ef013864,0,0,0,0,0,0,0,0,0,0,0,0,18,0,0,0,0,0,0
4cc970b699da6ff0af0a3a0f1acc881c,0,0,0,0,25,0,0,0,0,0,0,0,0,0,0,0,0,0,0
60c89f871a56428fa5b1a2dca4473cbd,0,0,0,0,0,0,0,0,0,0,20,37,17,0,0,13,15,0,0
4ef435a5754289802da21bd9ad0ccbb8,0,0,0,0,0,10,52,0,0,0,0,0,0,0,0,0,0,0,0
c9ff483e0c7d09bbf6b5ff8ee1786566,0,0,0,0,0,0,0,0,0,0,0,0,0,0,0,0,13,0,0
6a304f400245ffdae4678a352464aeea,0,0,0,0,0,0,0,0,0,0,38,0,0,0,0,0,0,0,0
0f44c25cb70730afa51df722ad40546a,0,0,0,0,0,0,0,8,0,0,0,0,0,0,0,0,0,0,0
437a8a6fd9ff22f041853f6b70404d0a,0,0,0,0,0,0,0,0,0,0,0,0,0,0,0,0,30,0,0
71f4857ea93c50b8fdf31b338f120a89,0,0,0,0,0,0,0,0,0,16,0,32,0,0,0,0,0,0,0
22d9eac5caa53b4a74325b651adc178c,0,0,0,0,0,8,0,0,0,0,0,0,0,0,0,0,0,0,0
498face5a7be04f32f661413fd36d407,0,0,0,0,0,0,0,0,0,0,50,0,0,0,0,0,0,0,0
ba1befd08ff2621ea5f8a2426d4c81e4,0,0,0,0,0,0,0,0,0,7,58,0,0,0,0,0,0,0,0
ffeab195772f9e8cb9d6fc4b8ee81715,0,0,0,0,0,0,68,0,0,29,0,0,10,0,0,0,0,0,0
d4e755ce247303f334f710cbaf265a93,0,0,0,0,0,33,140,70,0,0,0,0,0,22,14,0,0,0,0
0d912a97c20659ebb78fb7c2b63a36b8,0,0,0,0,0,11,17,0,0,71,0,18,0,0,0,0,0,0,0
221399850e1d993ccfc888e7c6b8909f,0,0,0,0,0,0,0,0,7,0,6,0,0,0,0,54,0,0,0
048f0dc6aff5bad986b357a8e9abc800,0,0,0,0,0,0,0,0,0,0,0,0,0,0,5,0,41,0,0
aabc0c453823a9aae9cda1b9248abcb7,0,0,0,0,0,0,0,0,0,20,0,21,0,0,0,0,0,0,0
5fd1e1dfafadae715b8b28a78aa3b3db,0,0,0,0,0,0,0,0,0,0,34,58,68,0,0,0,0,0,0
9820e1aeb2c9296020049e24b07f6578,0,0,0,0,0,0,0,0,3,0,0,0,0,0,0,0,0,0,0
0146634e3955c0ad0e0e781582bf05a7,0,0,0,0,0,0,0,0,0,0,4,0,0,0,0,0,0,0,0
3eed640380d50e66ccf9faf49ebac853,0,0,0,0,0,0,0,30,0,35,130,44,48,0,0,0,52,0,0
9242c50538b6107f8735a5f182ceec3a,76,107,64,127,73,168,862,400,0,849,1960,644,1011,70,80,165,912,41,0
e064c170830fd4f8b58009cdb811c484,0,0,0,0,0,0,0,0,0,0,0,0,0,0,0,0,17,0,0
8eaef42fb8a50961f412cb5d1612fde6,0,0,0,0,0,0,0,0,0,0,7,3,11,0,0,0,0,0,0
3084d504fb0293cecb59369d1e16cb92,0,0,0,0,0,0,28,0,0,0,0,0,0,0,0,0,0,0,0
0374a607b74b30fe609b30607f1e10d5,0,4,0,0,0,0,0,0,0,0,0,0,0,0,0,0,0,0,0
f0afc28a534cb4bbb02aff72f726175c,0,0,0,0,3,0,0,0,0,0,0,0,0,0,0,0,0,0,0
c8ce65e0f9caba9da36b0c6fa5ad5102,0,0,0,14,0,0,0,0,0,0,0,0,0,0,0,0,0,0,0
22833c6d88c6d1db6369e965e4b2caef,0,0,0,0,0,0,0,0,19,0,0,0,0,0,0,0,0,0,0
5098759cefc322d62a12647099c7a733,0,0,0,0,0,8,27,0,0,67,0,26,15,0,0,0,0,0,0
ab026f33d772a47b41ffc8b8881692f5,0,0,0,0,0,0,0,0,0,0,0,0,86,0,0,0,0,0,0
ed1e98bf6886963db11d870d932955b1,0,0,0,16,0,0,0,0,0,0,0,0,0,0,0,0,0,0,0
377ff5af31e88a43915ca784074b84a2,0,0,0,0,0,94,0,170,0,0,5,0,0,0,0,0,0,0,0
40b085c3ff2251ff815312e7b0a88cb2,0,0,0,0,0,0,0,0,0,15,0,0,0,0,0,0,0,0,0
4d9f7efab66c90ebc03e21ed390ee85a,0,0,0,0,0,82,108,60,0,46,26,8,8,0,0,0,12,0,0
da16468d5fd91b73d306054876d55199,0,0,0,0,0,0,10,0,0,0,0,0,0,0,0,0,9,0,0
50978d60d7ca52692de372b2cb828139,0,0,0,0,0,0,0,0,0,0,9,0,0,0,0,0,0,0,0
4aad3df4f0b25d502ad13f866a61e068,0,0,0,0,0,0,0,0,0,0,0,0,0,0,0,10,0,0,0
c2d3315fc2e0cce6c08bc4172b85d30e,0,0,0,0,0,0,0,0,0,0,0,8,0,0,0,0,0,0,0
3e226cfd977adf4504b9f94140a62f89,0,0,0,0,0,0,0,0,0,0,0,5,0,0,0,0,0,0,0
201d34c06ea48775ae210756c59873c6,0,0,0,0,0,0,0,0,13,0,0,0,0,0,0,0,0,0,0
0509fbfc951a66d19a9d53e033fc43f3,0,0,0,4,0,0,0,0,0,0,0,0,0,0,0,0,0,0,0
d98db805c2f0029de7919e79eb34fc55,0,0,0,0,0,0,0,0,0,47,0,109,0,0,0,50,0,0,0
efbbd2a6c3f9e01e3e5884b94ba09501,40,40,0,47,0,81,187,46,0,3057,2142,5689,1862,151,25,2855,1858,14,0
a698c2b75ffc97ed914d8802c1c20f99,0,0,0,0,0,0,0,0,20,0,0,0,0,0,0,0,0,0,0
8eb898554775f5a4c531431beaba2e39,0,0,0,0,0,42,81,0,0,0,0,0,0,0,0,0,0,0,0
1f34e43eb415a9a61345be8ec806a04a,0,0,0,0,0,0,0,0,3094,0,0,0,0,0,0,0,0,0,0
304bab358eaf2119ab4054b474a14bbf,0,0,0,0,0,0,0,0,44,0,0,0,0,0,0,0,0,0,0
f3f27738a1b99a4ee10ffca87f6c79eb,0,0,0,0,0,0,0,0,24,0,0,0,0,0,0,0,0,0,0
7f721d145d5a4f56e9758569bfe33ea6,90,139,51,83,33,0,0,0,0,0,0,0,0,0,11,0,0,0,0
4844966a5363ac01f12df1c243ce9375,368,365,184,367,204,0,0,0,0,0,0,0,0,75,39,0,0,79,67
45a2589bf6c801bf4fd2d82265de9d84,0,0,0,0,0,0,0,0,0,0,0,0,0,0,40,0,0,0,0
cc7578407fdca1b4d6accdd8376e47c8,268,324,167,205,157,0,0,0,0,0,0,0,0,37,41,0,0,114,0
3e3934f460a9a0d89bd55e304806bd91,20,36,6,17,10,0,0,0,0,0,0,0,0,0,0,0,0,0,0
cf43993df1316a8be71d1c3d66d96a05,0,0,0,0,0,0,0,0,0,12,0,0,0,0,0,0,0,0,0
089d00d6ddf8d155a28749d76a2a1c11,0,0,0,0,0,3411,1074,681,0,0,0,0,0,0,0,0,0,0,0
12c4dac359a3c848d9ed85010f46776b,0,0,0,0,0,7,0,0,0,0,0,0,0,0,0,0,0,0,0
dcc381a28c1166e9704890f6babc62e1,0,0,0,0,0,565,178,176,0,69,24,0,0,0,0,0,0,0,0
63179ed012ff38fbd43f9302098e96c4,0,0,0,0,0,0,0,0,0,0,0,0,0,6,0,0,0,0,0
b42b3fd1e43bac7cc845767d80915cf1,0,0,0,0,0,0,0,0,0,35,63,0,54,0,0,0,0,0,0
76ee776ba9d28286f3df4487eaf8c09f,0,0,0,0,0,0,0,0,0,0,0,24,47,0,0,0,0,0,0
8767962782ad690faee7505f3f7fb687,0,0,0,19,0,0,0,0,0,0,0,0,0,0,0,0,0,0,0
56b61f4cc9927a0fd950906eaa641637,0,0,0,0,12,0,0,0,0,0,0,0,0,0,0,0,0,0,0
d60e9b385ee907b49fde881c00196b58,0,0,0,0,0,0,0,0,44,0,0,0,0,0,0,0,0,0,0
530bdaf469a9d0efd2c9eb3943e57808,0,0,0,0,0,0,0,0,19,0,0,0,0,0,0,0,0,0,0
2d3e835696f3f8b8b45a8205bc6345e9,0,0,0,0,0,0,0,0,0,0,0,0,0,0,0,6,0,0,0
b2a808c769d84fb3ace5a0ee859eff01,0,0,0,0,0,0,0,0,57,0,0,9,38,0,0,0,0,0,0
bbae2d39a6ab69b3e957980cac51f670,0,0,0,0,0,0,0,0,7,0,0,0,0,0,0,0,0,0,0
92a1ca346e05d117a63d3ef3c6ad983d,0,8,0,0,0,0,0,0,0,0,0,0,0,54,0,0,0,0,18
0146253fcf275aeb156537b3de87c73e,0,0,0,0,0,0,0,0,19,0,0,0,0,0,0,0,0,0,0
c56e6db85311adc0ca6a5736471943f6,98,346,376,0,71,0,0,0,0,0,0,0,0,201,215,0,0,235,169
85e81cfc999377b4b92893a289fafa70,0,0,0,0,0,0,0,0,0,0,0,0,0,0,0,0,0,0,2
a46ab49ab29683e202fd4dce89b167b4,0,0,0,0,0,0,0,0,33,0,0,0,0,0,0,0,0,0,0
4024c8aa9acfc08639e55e3c0f68990e,0,0,0,0,0,0,0,0,0,0,0,0,0,0,4,0,0,0,0
df85280fa84dc6b9bef2d1ad2d2cca72,0,0,0,0,0,0,0,0,0,0,0,0,0,15,19,0,0,0,0
0d2ef6af78cd5293988164a85ef11780,0,0,0,0,0,0,0,0,0,0,0,0,0,5613,5610,0,16,114,45
6a5c2ffc094878d9476d70acfbafd957,0,0,0,0,0,0,0,0,0,0,0,0,0,10,0,0,0,0,0
841519ab83c0845cf175450986a22b6b,0,0,0,0,0,0,0,0,0,0,0,0,0,111,90,0,0,0,0
6d7ea7240770d6003d4db8b6bbf67443,0,0,0,0,0,0,0,0,15,0,0,0,0,0,0,0,0,0,0
12982e35b2f8ad5700f930f9acb6eed4,0,0,0,0,0,0,17,0,0,0,0,0,0,0,0,0,0,0,0
670660d25fdc2d779ef4f24d39688668,0,0,0,0,0,80,306,171,0,0,0,0,0,0,0,0,0,0,0
2b717f184a82236c0645474a7598703d,0,0,0,0,0,0,0,0,0,0,0,0,9,0,0,0,0,0,0
31049045ba14f4be10bf895f3acf9554,0,0,0,0,0,0,0,0,87,0,0,0,0,0,0,0,0,0,0
58b1272c6d3e75532f27719e7022cd42,0,9,0,50,0,0,0,0,0,0,0,0,0,0,0,0,0,15,0
028c24cf720933a0d3e770082e81f41e,0,0,0,0,0,0,0,0,0,0,0,0,7,0,0,0,0,0,0
e8f2dbd143ec55f98107481eec9bcd37,0,0,0,0,0,0,0,0,0,0,0,10,0,0,0,0,0,0,0
81405f80715c2afc30dbae46fcb240d3,0,0,0,0,0,0,0,0,0,20,0,0,0,0,0,0,0,0,0
b6074dec6d2e408fe8f30c7ce504bba4,0,0,0,0,0,0,0,0,0,49,0,0,0,0,0,0,0,0,0
5484f66d7ae2b4a20d374c3ea7dd815c,0,0,0,0,0,0,0,0,0,0,0,0,0,0,0,5,0,0,0
1271f9b288388600c1c4ea26769ed0cd,0,0,0,0,0,0,0,0,0,0,38,0,0,0,0,0,0,0,0
0f2bc008a6f965b2e5066ba3110320f0,0,0,0,0,0,0,0,0,0,0,0,0,0,0,0,0,12,0,0
76682e493fd395b0b8c3fd039c8e49e1,0,0,0,0,0,0,53,0,0,0,0,0,0,0,0,0,0,0,0
5ef3cace3953111c06de677ce9c23b2c,0,0,0,0,0,0,51,0,0,0,0,0,0,0,0,0,0,0,0
51ef48c6f0117135add70930280a3efb,0,5,0,0,0,0,0,0,0,0,0,0,0,0,0,0,0,0,0
4e8ee621a3e5527e4cb72548f20fe860,0,0,0,0,0,0,0,0,89,0,0,0,0,0,0,0,0,0,0
e5234d96c8e5b607445acce63c1a166b,0,0,0,0,0,0,0,0,40,0,0,0,0,0,0,0,0,0,0
4bba374f5e660ac9ca7300b2e2b4a334,0,0,0,0,0,67,254,55,0,0,0,0,0,0,0,0,0,0,0
b507293dcb93fc8c006f5c809b03c6f1,0,0,0,0,0,0,0,0,69,0,0,0,0,0,0,0,0,0,0
91ac5388fe513cd1b003f0654098cac0,0,0,0,0,0,0,0,0,52,0,0,0,0,0,0,0,0,0,0
fde69cb3fbcb2e40fc39c261c8a0fe87,0,0,0,0,0,0,0,0,114,0,0,0,0,0,0,0,0,0,0
102579bce9f7d6293d79a16b35a9891e,0,0,0,0,0,0,0,0,1,0,0,0,0,0,0,0,0,0,0
0d6ba205f1919c3431659477f4ddba64,0,0,0,0,0,0,0,0,141,0,0,0,0,0,0,0,0,0,0
5db3ae9f8543051382ac7dfd6589c91d,0,0,0,28,0,0,0,0,0,0,0,0,0,0,0,0,0,0,0
d17ffe83659c751b33d5e63163b60b18,0,0,0,0,0,0,0,0,0,0,0,0,0,91,0,49,0,0,0
39da360d4e694b47e656940b49f63add,0,0,0,0,0,0,64,0,0,37,0,30,12,0,0,0,0,0,0
2e6c3625368e7bff39ec95cfe8492896,0,0,0,0,0,0,64,9,0,44,79,40,44,0,0,0,0,0,0
4d3c5ad8c3c4e08ac6eeeab8f720832c,0,0,0,0,0,46,67,0,0,37,14,0,0,0,0,0,0,0,0
04d7c458869c1aca1e2f6f09ff494485,0,0,0,0,0,124,589,146,0,109,109,85,52,0,0,36,11,0,0
4cd6416a30c96391f9f671e9c199d459,0,0,0,0,0,40,226,74,0,0,0,0,0,0,0,0,0,0,0
8b212412a730909ab5675740d57f9d78,0,0,0,0,0,0,0,0,23,0,0,0,0,0,0,0,0,0,0
b17d1458a77f6995854dd91b6c50b758,0,0,0,0,0,41,0,0,0,0,0,0,0,0,0,0,0,0,0
b618d65d83a936068483c06133a24d47,0,0,0,0,0,0,66,0,0,0,0,0,0,0,0,0,0,0,0
d8c265c340ec7e79cda0670cb62ac961,0,0,0,0,0,0,0,2,0,0,0,0,0,0,0,0,0,0,0
af6c2cc1393cfef6e13c8c8fad425da0,0,0,0,0,0,101,80,67,0,44,32,0,0,131,20,111,0,0,0
54373c5211a6677e8a01f7781397303a,0,0,0,0,0,38,35,0,0,0,0,0,15,0,0,0,0,0,0
6c3f5a51367042bf417fb5e4060107e1,0,0,0,0,0,0,0,0,0,0,0,5,0,0,0,0,0,0,0
e73b1049e7c64394a0beb41dc341f719,0,0,0,18,0,0,0,0,0,0,0,0,0,0,0,0,0,0,0
c1550e3652d28cc073206c0b787eacae,0,0,0,0,0,38,71,72,0,0,0,0,0,0,0,0,0,0,0
0270f34d68010d509b137c4e67ec01bc,0,0,0,0,0,0,0,0,0,0,0,0,0,27,37,0,7,0,0
da5c214e9021fbfe58247747bfd4578a,0,0,0,0,0,0,0,0,0,0,0,0,4,0,0,0,0,0,0
52779864d9252da071dbacee9c9ef069,0,0,0,0,0,17,69,32,0,0,0,0,0,0,0,0,0,0,0
773ec2591eeaf1b92411bb88bd55d9e0,0,0,0,0,0,0,49,16,0,0,0,0,0,0,0,0,0,0,0
43ddb1dc06dbbd1cdcb9a4b364434f2d,0,0,0,0,0,106,804,252,0,0,0,0,0,0,0,0,0,0,0
6bbde2bfb866862175d5aadd3aaecff2,0,0,0,0,0,0,167,45,0,0,0,0,0,0,0,0,0,0,0
5c63d425075dc784edd7834cad3de745,0,0,0,0,0,0,0,0,0,0,0,0,0,0,0,0,37,0,0
9d2450719f1d33d513364be3a44cb8d3,0,0,0,0,0,0,388,115,0,0,0,47,118,0,0,32,125,0,0
d34e529d6535299ac3bfcb8ccbd47245,0,0,0,0,0,0,32,0,0,0,0,0,0,0,0,0,0,0,0
c56d09c8c2a28cd83df9d30ab5a3e80b,0,0,0,0,0,34,0,22,0,0,0,0,0,0,0,0,0,0,0
f2bf8416d0fa96394e4465ec3b44018a,0,0,0,0,0,0,0,0,67,0,0,0,0,0,0,0,0,0,0
d6e4e23020d8c8fa8191973a1a3a826b,0,0,0,0,0,0,0,0,19,0,0,0,0,0,0,0,0,0,0
8a039732904a122d649a22b4548bb8ab,0,0,0,0,0,0,0,0,173,0,0,0,0,0,0,0,0,0,0
a7f6fc84b585b9b4d5496035c002e11c,0,0,0,0,0,0,0,0,23,0,0,0,0,0,0,0,0,0,0
515fca7e7a8f70ab7c09c1b57f2499ea,0,0,0,0,0,0,0,0,0,46,0,58,13,0,0,0,15,0,0
b191d471ac69fe073091e2c6cc3e9f61,0,31,0,16,0,24,21,0,0,69,86,50,58,77,47,28,26,0,0
2118be94cb53ca10b16c320ad53a1d4c,0,0,0,0,0,0,0,0,0,33,0,23,0,0,0,0,0,0,0
98e4d41fae33874b638dab2ee9a93238,0,0,0,0,0,0,0,0,0,0,5,0,0,0,0,0,0,0,0
396cacee06c4d2da762ec5254da772ac,0,0,0,0,0,0,0,0,7,0,0,0,0,0,0,0,0,0,0
a181692ee9d35b9a9cd49c575abc7527,0,0,0,0,0,0,0,0,82,0,0,0,0,0,0,0,0,0,0
6e162fef2ac6c31f20cac2744d2a9384,0,0,0,0,0,0,0,0,0,0,0,43,0,0,0,0,0,0,0
c1baee482b82bb263e65a5dab6cd4281,0,0,0,0,0,0,0,0,0,97,0,62,0,0,0,12,0,0,0
b8ded2dd76f9b69d89c499dd262d9b90,0,0,0,0,0,129,163,149,20,0,0,0,0,0,0,0,0,0,0
52b259d19b89c47585a4af4fbd58ec54,0,0,0,0,0,0,0,0,0,359,78,57,0,0,0,55,37,0,0
1898af9b899234d6c13005dc8bb7fb13,0,0,0,0,0,57,63,49,0,161,36,87,62,0,0,64,0,0,0
00dbd5f3dcbf21fe18b245c64bebc208,0,0,0,0,0,0,12,0,0,0,0,0,0,0,0,0,0,0,0
2d5f2c0d203126209c1ca76813c09eda,0,0,0,0,0,0,79,0,0,19,24,0,9,0,0,0,0,0,0
b5e447eeab7e653ec1760b650cf346ed,0,0,0,0,0,0,0,25,0,0,0,0,0,0,0,0,0,0,0
d6a7c9fbe6b1ae8ff60c5550f736d53d,0,0,0,0,0,0,56,31,0,60,36,70,0,0,0,18,7,0,0
705cc0dd2602884ec1fbdb9a17a158d1,3,0,0,0,0,63,25,0,0,3503,79,1993,60,48,0,308,0,0,0
fa94d099dbd49b4f41b21770cf1026f6,50,65,38,204,64,0,68,17,0,0,0,0,0,191,712,0,0,0,0
1d8f1f936e8aa79116a8becd67f9975b,0,0,0,0,0,0,0,0,0,32,0,0,0,0,0,0,0,0,0
2704d5f7c9337e053a9d6f8e30bd45a3,0,0,0,0,22,0,0,0,0,0,0,0,0,0,0,0,0,0,0
cab30f410fe60a3e616274920c284889,0,0,0,0,0,33,97,57,0,34,74,0,0,0,0,0,35,0,0
76e36b829eb58e5d327491fe1919c6f5,0,7,0,0,0,77,197,100,0,88,0,39,27,108,0,50,0,0,0
548d96327c5db5af9e70c5c877937cd2,0,0,0,6,0,0,0,0,0,0,0,0,0,0,0,0,0,0,0
e2d6c85f644ca684383bb154b05a02cc,0,0,0,0,0,0,0,0,2,0,0,0,0,0,0,0,0,0,0
0383978e84157333388df8ef40717a31,0,0,0,0,0,0,0,0,13,0,0,0,0,0,0,8,66,0,0
69cbcecaf2824a33e5fd0aa506112e21,0,0,0,0,0,0,0,0,19,0,0,0,0,0,0,0,0,0,0
de0df6dfb78e864fa449cdbe4ae71019,0,0,0,0,0,0,0,0,52,0,0,0,0,0,0,0,0,0,0
4b460fe2a930b8bc4943611e60f7a924,11,0,0,0,0,0,0,0,0,0,0,0,0,0,54,0,0,0,0
bc4cf2296e0ef0f5d4d03e733a5f756b,216,89,34,673,312,0,0,0,0,0,0,0,0,0,0,0,0,57,0
df668143199f94a18282833aaac844a7,0,0,0,86,90,0,0,0,0,0,0,0,0,0,0,0,0,0,0
d84c98a845edc035b06a54baf9dfb2b5,0,0,0,0,0,0,0,6,0,0,0,0,0,0,0,0,0,0,0
69e3fdee7f187222351f53955c67f036,0,0,0,0,0,0,0,0,0,19,0,0,0,70,10,16,0,0,0
80c9bc75f901f0cdd89fd2411d5ffa27,0,0,0,0,0,24,50,32,0,16,49,10,0,0,0,0,0,0,0
ac29122154552c53796a64e91631fb22,0,0,0,0,11,0,0,0,0,0,0,0,0,0,0,0,0,0,0
fa78446c1eb0b09f762b8daaafc504f7,0,5,0,7,0,0,0,0,0,0,0,0,0,0,0,0,0,0,0
f228937a468959567662671773b3c2d0,46,0,0,120,66,0,0,0,0,0,0,0,0,0,0,0,0,0,0
ccd12fa25a5ae575f837ef1f9c5fcd79,0,0,0,18,19,0,0,0,0,0,0,0,0,0,0,0,0,0,0
7155ea6aaa3915a33e2ff723cbbef9bf,96,96,0,85,53,0,0,0,0,0,0,0,0,0,0,0,0,43,0
1015e7a8d37a35fa3cff089886cfcb01,0,0,0,0,0,0,0,0,0,0,0,0,0,0,0,13,58,0,0
a6bdba7030ce7bcfffabf5cd791cef0e,0,0,0,0,4,0,0,0,0,0,0,0,0,0,0,0,0,0,0
c10846083c90e18826a959c1a562bad3,4,0,0,0,0,0,0,0,0,0,0,0,0,0,26,0,27,0,0
e8af7274fc294d6c09d8b32f8d7c6d41,0,0,0,0,0,0,0,0,0,22,0,0,0,0,0,0,0,0,0
98f4151d6c9a9ec03c2299c4208036c2,0,0,0,3,0,0,0,0,0,0,0,0,0,0,0,0,0,0,0
66a61d8265d40231626d9b972a49fe73,0,0,0,47,0,0,0,0,0,0,0,0,0,0,0,0,0,0,0
ff28f0ae2e21089bbf728b4192c96f57,0,4,0,0,0,0,0,0,0,0,0,0,0,0,0,0,0,0,0
da15ac530bfac0b519b5bdc348ae77af,0,0,18,0,0,0,0,0,0,0,0,0,0,0,0,0,0,10,13
a69986fbcc57309eb7fd6c5f6646feb6,0,0,0,0,0,0,0,0,170,0,0,0,0,0,0,0,0,0,0
0cf9a1e7200e8c6660e3bdb320815945,0,0,0,0,0,0,42,0,0,32,0,0,0,0,0,0,0,0,0
fb95712631bb7d17ad13024cd4a4ee83,0,6,0,0,0,0,0,0,0,0,0,0,0,0,0,0,0,0,0
955ba2b9efbdcc517d71bc39f3c74af5,0,50,0,14,10,759,889,385,0,103,213,168,148,328,152,119,180,0,5
00c202d416966a0974c1ef5ed61e5868,0,0,0,0,0,239,942,645,207,84,765,75,354,0,0,54,669,0,0
4f0c7b969bc9e6a5488636af91d0c6c0,6,12,0,0,0,0,0,0,0,0,0,0,0,0,0,0,0,5,0
7ea7675702e19806d7b384086a251ba7,63,62,61,37,46,0,0,0,0,0,0,0,0,0,0,0,0,52,62
7766f8954f5b8c7a203b8ecafda5291b,7423,7004,7133,3553,2739,18,0,0,0,0,0,0,0,70,124,0,0,9233,8277
351e13efa1a96e377e8e3cfd4f816125,0,0,2,0,0,0,0,0,0,0,0,0,0,0,0,0,0,0,0
68daf0a34c81c5134e8831bc304cd0d0,0,0,0,7,0,0,0,0,0,0,0,0,0,0,0,0,0,0,0
d752229f78e8c8a60e171f6979e94bf0,0,0,0,0,0,0,0,0,0,0,0,0,0,0,0,0,0,0,2
946eef5d93a3f53d2a53b72680317a22,0,0,0,0,0,0,0,0,29,0,0,0,0,0,0,0,0,0,0
9a119b09fba6ee218d35afad9c9086a8,9,0,0,0,0,0,0,0,0,0,0,0,0,0,0,0,0,0,0
bef139edb6cb3fda71708a05516ba813,0,0,0,0,0,0,0,0,0,0,0,0,0,0,0,0,0,0,6
429c8546914de701ed6b6df3227ed862,0,0,6,0,0,0,0,0,0,0,0,0,0,0,0,0,0,0,0
b5db5dec1d994a60277779b7160c6d4b,7,0,0,0,0,0,0,0,0,0,0,0,0,0,0,0,0,0,0
620bf61695c25c9508a06428e91d7adf,0,0,23,0,0,0,0,0,0,0,0,0,0,0,0,0,0,0,0
b7fdc6b19144776aef4c3d1c19d0d0ea,7,0,0,0,0,0,0,0,0,0,0,0,0,0,0,0,0,0,0
9e8e5992217f2f9d97bf5d0331c8e2fe,0,0,0,0,0,12,40,0,0,0,39,0,0,0,0,0,18,0,0
b1056c834d63d558d0a283f228effafe,0,0,0,0,0,0,30,0,0,0,0,0,0,0,0,0,0,0,0
dad76356e921ec5c5365ad2441a67e88,0,0,0,0,0,0,59,0,0,0,0,0,0,0,0,0,0,0,0
c06dbe5e830c630d241d32dfb69adff3,0,0,0,0,0,0,0,0,0,0,0,0,0,0,0,0,35,0,0
b0f72e5d8e8c664a3cf53267894a754f,37,0,0,72,36,142,932,0,0,44,0,0,41,0,26,1305,1623,0,0
6cd2e5651ade8fc0d483a39dfafff4dc,0,0,0,0,0,0,18,0,0,0,0,0,0,0,0,0,0,0,0
73ef2e714aea45e66b069da322c2e1da,0,0,0,0,0,0,0,0,0,0,0,0,0,0,0,7,3,0,0
e0330571392f36c7531e98b3df05cbfa,0,0,0,0,0,0,0,0,0,0,0,0,0,0,0,110,0,0,0
8811d8dcc2cf20f1ead0ec68c7cfdaa3,0,0,0,0,0,89,237,0,0,0,0,0,0,0,0,148,192,0,0
9faaa6d8c316d38ecffd026642435d4e,0,0,0,0,0,0,36,0,0,0,0,0,0,0,0,0,0,0,0
175505c10940e2727a685f7fab26ebe7,0,0,0,0,0,0,0,0,26,0,0,0,0,0,0,0,0,0,0
5ab26505d2184214622340919be00e3e,0,0,0,0,0,0,0,0,19,0,0,0,0,0,0,0,0,0,0
b48b6fa8e53e2aab0e9e29d547959118,0,0,0,0,0,0,0,0,35,0,0,0,0,0,0,0,0,0,0
304a306a2545985791cbb8cb81d483c6,0,0,0,0,0,25,0,4,0,0,3,0,0,0,0,0,0,0,0
7ce1be607a64ebc1adcaa78e909bd0a7,0,0,0,0,0,0,0,0,0,0,0,0,0,5,0,0,0,0,0
42c3b8629f682d3ab0cabe6b8465a679,134,0,51,574,438,0,0,0,0,0,0,0,0,0,0,0,0,0,40
07761c513d65b99b6af8c29a2b7906be,0,40,26,107,103,0,0,0,0,0,0,0,0,0,0,0,0,33,0
a1fc10025e2938102d6ae39584a438ba,0,0,0,45,0,0,0,0,0,0,0,0,0,0,0,0,0,0,0
505b1bb60dd49c18c4c7d6204617db5d,73,11,0,38,48,0,0,0,0,0,0,0,0,0,0,0,0,0,6
a4913266c02899e55c660690dc151971,0,0,0,42,0,0,0,0,0,0,0,0,0,0,0,0,0,0,0
22a31245053ab136826e2c5fcb8df6c8,0,0,0,9,0,0,0,0,0,0,0,0,0,0,0,0,0,0,0
7587b28959b7d4ce9652eeb87419f9a3,84,0,0,328,34,0,0,0,0,0,0,0,0,0,0,0,0,0,0
ec381db479dacda0def2394642a54125,0,0,0,75,26,0,0,0,0,0,0,0,0,0,0,0,0,63,0
91dc6068efc28bcb2ac55e34b08be15c,0,0,0,22,0,0,0,0,0,0,0,0,0,0,0,0,0,0,0
2f0d9cb1e00a7048ba55424cda78c991,0,0,0,0,0,0,0,0,0,0,0,15,0,0,0,0,0,0,0
a6a13c14d252e08858a5867761863324,0,0,0,4,0,0,0,0,0,0,0,0,0,11,0,0,0,0,0
b6adaca89a2838d9f288e4c647f58460,0,5,0,0,0,0,0,0,0,0,0,0,0,0,0,0,0,0,0
0d0910a96921b21470dd7a375030e449,19,0,0,54,68,0,0,0,0,0,0,0,0,0,0,0,0,0,0
150ed31ba20d8530a9a823d31b439e37,0,0,0,0,0,25,50,21,0,0,0,0,0,0,0,0,0,0,0
4ea0d14f44c09b6abe9a9c08f4ca8105,0,0,0,20,0,0,0,0,0,0,0,0,0,0,0,0,0,0,0
b3173e1fe006f95bcd30f71041e971db,0,0,0,4,0,0,0,0,0,0,0,0,0,0,0,0,0,0,0
e1900b5252d9ac201ba04819f82224af,0,0,0,0,0,0,0,0,0,0,0,0,36,0,0,0,0,0,0
b1a4f5c8a3830cd8b17f7fae6e9a2811,0,0,0,0,0,0,75,0,0,0,0,0,0,0,0,0,0,0,0
d844acbc3a814493543be961b778eae9,0,0,0,0,0,0,0,0,0,0,0,17,0,0,0,0,0,0,0
3d512d69fdb74371a1b592a3147c3fbe,0,0,0,0,0,0,31,0,0,0,0,0,0,0,0,0,0,0,0
de0a1fb3a6359fc39fe699472c43b23f,0,0,0,0,0,0,0,0,0,0,0,25,0,0,0,0,0,0,0
4519bd862cf837b0abd40972a0073528,7,0,0,0,0,436,403,680,0,622,152,0,0,0,14,0,0,0,0
764f0e06009bbd0003083bd3a5196ebc,0,0,0,0,0,0,0,0,0,0,0,0,0,0,0,0,0,0,13
bbdbd1f57a00c1aa10778f7207bb8156,0,0,0,0,0,0,0,8,0,0,0,19,0,0,0,37,0,0,0
6557c42ed31eb59b0259ec77a1b4b039,0,0,0,0,0,0,0,0,0,0,2,0,0,0,0,0,0,0,0
0b7e81f978f874acb808c55433ed06d8,0,0,0,0,0,0,0,0,0,0,0,0,0,0,0,0,26,0,0
97f348cdadddd7a956c31af5a3c38a08,0,0,0,0,0,0,0,0,14,0,0,0,0,0,0,0,0,0,0
31b7651c6567a3175607e7d1a2b593e6,0,0,0,34,0,0,0,0,0,0,0,0,0,0,0,0,0,0,0
0ece7c0367ffd506466b326ff8c1e366,10,0,0,0,0,0,0,0,0,0,0,0,0,0,0,0,0,0,0
8d4c6c91ac458364c53a57b6f7920aa3,0,0,0,0,0,0,0,0,12,0,15,0,0,0,0,36,0,0,0
d56b070ea4c077ce7b296eb0f7ee0e45,0,0,0,9,0,0,0,0,0,0,0,0,0,0,0,0,0,0,0
847d732cc89ad888599acb01ef93a4e3,0,0,0,0,0,0,0,45,0,0,0,0,0,0,0,0,0,0,0
ae1be0f4d721931f66043a3208348111,0,0,0,0,0,18,0,0,0,0,0,0,0,0,0,0,0,0,0
ea1e64a862bf0c90be1623d455264a5e,0,0,0,0,0,0,0,0,0,0,0,0,12,0,0,0,0,0,0
5c03313c4987e147c54a6627a14c9e56,0,0,0,0,0,0,0,0,0,0,0,0,4,0,0,0,0,0,0
67cb14b3088e3d9a501248a13cb7be5c,0,0,0,0,0,0,0,0,0,0,35,0,0,0,0,0,0,0,0
16523951d2810c4614a27cf0012706b3,0,0,0,0,0,0,0,0,0,0,10,0,0,0,0,0,0,0,0
99f4c53abb60f00ac9bd6640c744e533,0,0,0,0,0,0,0,0,0,0,0,0,2,0,0,0,0,0,0
527099d76aa1ba2cccf107eb1beb7557,0,0,0,0,0,0,0,0,7,0,0,0,0,0,0,0,0,0,0
d9125140ec2fc89d146893fcb58b87eb,0,0,0,0,0,0,0,0,0,14,0,0,0,0,0,0,0,0,0
3be7101ec00de1c41ff956614756f190,0,0,0,0,0,0,0,0,0,0,0,0,0,9,27,0,0,0,0
2b2870880f67060941eadffed4edda92,0,0,0,0,0,0,0,0,0,17,0,0,0,0,0,0,0,0,0
38e1dbe2c6ea41f6229c60692217799f,0,0,0,0,0,38,107,0,0,1609,1081,2922,1004,73,0,1477,981,0,0
af8cd901ea90cf724401139fef520175,0,0,0,0,0,0,0,0,0,0,0,0,0,0,13,0,0,0,0
06587066a07143b56ea2885428ce401c,0,0,0,0,0,0,0,0,1608,0,0,0,0,0,0,0,0,0,0
6946811a9c98ff5d9ab19d157087c202,0,0,0,0,0,0,0,0,0,0,0,3,0,0,0,0,0,0,0
d504f46d1c6e5104bb4bc790f4a213c7,0,0,0,0,0,1687,588,387,0,0,0,0,0,0,0,0,0,0,0
2cbd48a93c54c961e2b734c4cfaa3e36,0,0,0,0,0,8,0,0,0,0,0,0,0,0,0,0,0,0,0
29284e4dccf584c955a99bb3518ab2bb,0,0,0,0,0,0,0,0,0,0,0,0,7,0,0,0,0,0,0
33aad1ea75331f41731b107a3ee5cae5,0,0,0,0,20,0,0,0,0,0,0,0,0,0,0,0,0,0,0
0fdf1d42c2e741537f6d87b05d1fe227,0,0,0,0,0,0,0,7,0,0,0,0,0,2911,2907,0,0,72,29
622c2aec03d8ad0afaaae70c80e9fadc,0,0,0,0,0,0,0,0,0,0,0,6,0,0,0,0,0,0,0
3a6a4a5fed78ebb58099cdeaf69ada27,0,0,0,0,0,0,0,0,0,24,0,0,0,0,0,0,0,0,0
b477b9b7fa6c7e5d7d315c4a6a32f2d1,0,0,0,0,0,0,0,0,0,0,0,50,0,0,0,0,0,0,0
d6e57677c3724d9017bcef89806086d0,0,0,0,0,0,0,0,0,0,0,0,0,0,0,0,35,0,0,0
5d93226efb29d6ed89a4a0c05fd8dd1d,0,0,0,0,0,0,0,0,37,0,0,0,0,0,0,0,0,0,0
0ad0ada495d99fca049e23e256046300,0,0,0,0,0,0,0,12,0,0,0,0,0,0,0,0,0,0,0
917cc5d4f9fa7c6424dfbaa3f782202a,0,0,0,19,0,0,0,0,0,7,0,0,0,0,0,0,0,0,0
32ef3af624ebd21f45d60abdc87caca6,0,0,0,0,0,0,0,0,0,0,11,0,0,0,0,0,0,0,0
c15f8bde2c0cc194418896b800bae624,0,0,0,0,0,0,0,0,0,0,0,0,0,0,0,0,7,0,0
b4cef6ddb852ba7c281ac73abdceb417,0,0,0,0,0,0,0,0,21,0,0,0,0,0,0,0,0,0,0
4405ce3b7dab51b7dab662b185fdb5c3,0,0,0,0,0,0,0,0,0,17,0,0,0,0,0,0,0,0,0
7c93021fc2142936b569ac75432b3929,0,0,5,0,0,0,0,0,0,0,0,0,0,0,0,0,0,0,0
90f85b64d52d93eaf29c465501d01e7e,0,0,0,0,0,0,0,0,0,0,14,0,0,0,0,0,0,0,0
b372ce68616b60a40d6a550f6c200afb,0,0,0,0,0,22,0,0,0,0,0,0,0,0,0,0,0,0,0
e24d836770dc9bced5d25f2b6a7fd1f3,0,0,0,0,13,0,0,0,0,0,0,0,0,0,0,0,0,0,0
38150c938adc9a33328a535c34001b0c,0,0,0,0,6,0,0,0,0,0,0,0,0,0,0,0,0,0,0
9ed6190bccf23935f32593da3cd06daa,0,0,0,0,0,0,0,0,0,0,0,0,0,0,0,0,0,10,0
a3cd39441744f6b4a43e891a7506cb64,0,0,0,0,0,0,0,0,0,7,0,0,0,0,0,0,0,0,0
0dc2a3c831991e4fe6c9cd07bdf2c667,0,0,0,0,6,0,0,0,0,0,0,0,0,0,0,0,0,0,0
644fbc3bbff1b44c95f2e34292555eef,0,3,0,0,0,0,0,0,0,0,0,0,0,0,0,0,0,0,0
ed0bf65e576d979938750686a093c74c,3917,3663,3632,1883,1506,0,0,0,0,0,0,0,0,0,71,0,0,4776,4163
3cdd8d4d8a510d98002498ef2e017c2c,0,0,0,0,0,0,0,0,0,0,8,9,0,0,0,0,0,0,0
7a15e360f9323d61e4a99d7339bf6f11,0,0,0,0,0,0,0,0,0,0,0,0,23,0,0,0,0,0,0
2e53c58fac9324f129ce066d0a242efd,0,0,0,0,0,0,0,0,0,0,0,0,0,0,0,0,3,0,0
26093bd10b852e0d2b08ddf99f3c3e3e,0,0,0,0,0,0,0,0,0,11,0,0,0,0,0,0,0,0,0
208f6948f31ce80e61d299fe1eb9bd39,0,0,0,0,4,0,0,0,0,0,0,0,0,0,0,0,0,0,0
19bd4626ea76e4f48d3c291756e53f2a,0,0,0,7,0,0,0,0,0,0,0,0,0,0,0,0,0,0,0
13405e092b11dbcf6c8fe0bbc52c768d,0,0,0,6,0,0,0,0,0,0,0,0,0,0,0,0,0,0,0
be588f258b54a385453a62f0bc9e5e9e,0,0,0,0,8,0,0,0,0,0,0,0,0,0,0,0,0,0,0
9749a4d93f7341ad98ca9c0df3656a4e,0,0,0,0,0,0,0,0,0,0,0,0,2,0,0,0,0,0,0
82be316ced4ea8b971d8c642a5d327b5,0,0,0,0,0,0,0,0,0,0,0,0,0,8,0,0,0,0,0
d295d69ceab6e9b9b03b93404c66c112,0,0,0,0,0,0,0,0,0,0,0,0,0,23,0,0,0,0,0
154fb91c4195f096918a063e91da57bd,0,0,0,5,0,0,0,0,0,0,0,0,0,0,0,0,0,0,0
efa9e7243072fc8695d2d2cafcbfc6ac,0,0,0,0,0,0,0,0,0,7,0,0,0,0,0,0,0,0,0
c38945f824ef4129130374408a228c91,0,26,0,0,0,0,0,0,0,0,0,0,0,0,0,0,0,0,0
5cb9ff1f16fcced36839a06ea761f617,0,0,0,0,0,0,0,0,0,14,0,0,0,0,0,0,0,0,0
0cbbdb06469bd1577bb843b663ef1d15,0,0,0,0,0,0,0,0,6,0,0,0,0,0,0,0,0,0,0
90031ffd5ae2a96ac2226a57fdca26a4,0,0,0,0,0,0,0,0,0,0,0,0,0,0,0,0,71,0,0
71b62129417980c473166b338324ff8a,0,0,0,0,0,17,0,0,0,0,38,15,61,0,0,0,0,0,0
98447b07b7b56a6d163ecaf8b0ccd4b8,0,5,0,0,0,0,0,0,0,0,0,0,0,0,0,0,0,0,0
8956b91f98a98edbbf155acce51a6f6b,0,0,0,0,0,30,86,49,0,0,0,0,0,0,0,0,0,0,0
825de34e060d9772a7eb2df10e8f1be3,0,0,0,0,0,0,0,0,0,0,0,0,0,28,0,0,0,0,0
d608c52792926ab0ca04d1985ca70a26,0,0,0,8,0,0,0,0,0,0,0,0,0,0,0,0,0,0,0
a0500b9918ede45ec4b0af6688bb39ef,0,0,0,5,0,0,0,0,0,0,0,0,0,0,0,0,0,0,0
44afdbe393329ace8667dc1c9bebdefc,0,0,0,0,0,0,0,0,0,0,8,0,0,0,0,0,48,0,0
866edf512335999f85a344d5a589649f,0,0,0,0,0,0,0,0,0,0,0,0,0,45,0,0,0,0,0
4efcbe34b08781878d959859f2b3d37e,0,0,0,0,0,9,0,0,0,0,0,0,0,0,0,0,0,0,0
5071a2b0b72c8550fe1e835a11eb8db1,0,0,0,0,0,0,0,0,0,0,0,0,0,0,0,25,0,0,0
49521ba488204eee752687b9e0aeb7f1,0,0,0,0,0,0,121,54,0,0,16,0,0,0,0,0,0,0,0
8b03eb490b83b958ba7671fc60efa4e5,0,0,0,0,0,7,0,0,0,0,0,0,0,0,0,0,0,0,0
efd6d9809ae73188dc41ca102bd11cf8,0,0,0,0,0,0,0,0,0,23,0,0,0,0,0,0,0,0,0
b3fcd421746dfc2b36fdf84eecbd455f,0,0,0,0,0,0,0,0,0,0,35,0,0,0,0,0,0,0,0
b5d0acc5494beb9c6f0fe3887dd0cc6b,0,0,0,0,0,0,0,0,0,0,0,0,0,0,0,11,0,0,0
45ea585c1ad8c55ccab9862461ceab21,0,0,0,0,0,502,492,742,0,693,145,0,47,0,0,34,0,13,0
a4cdc134e62eac00147d38db49dea6f6,0,0,0,0,3,0,0,0,0,0,0,0,0,0,0,0,0,0,0
563054da7c59f07779508c3d2705938f,0,0,0,0,0,0,0,0,0,0,0,0,0,0,21,0,0,0,0
1a38f48cfe7371b86f6fcfb9ecf108ff,0,0,0,0,0,0,0,0,28,0,0,0,0,0,0,0,0,0,0
f042e4757b0bb90701ff71379216ad7d,0,0,0,0,0,0,0,0,0,0,0,12,0,0,0,0,0,0,0
dc32d9f78d503cb5f4293863fc41f8ee,5,0,6,0,0,0,0,0,0,0,0,0,0,0,0,0,0,0,0
7bfc779808beaea12e7ddd4b3b4b4881,0,0,0,0,0,7,0,0,0,0,0,0,0,0,0,0,0,0,0
e95b748cd3b16c8593b266894f43558e,6,0,0,0,0,0,0,0,0,0,0,0,0,0,0,0,0,0,0
63eba15d66ece40b83fe160a25eed607,0,0,5,0,0,0,0,0,0,0,0,0,0,0,0,0,0,0,0
d8f96da5302b8cbedd2b66db11932bc2,0,0,0,0,0,0,0,0,0,0,0,13,0,0,0,0,19,0,0
e4b0096fd1c17f55ba07e12c932df80e,0,0,0,35,0,160,76,54,0,300,0,152,0,2187,41,456,51,0,0
fe0069a97d6482b3f61115ef3184af79,0,0,0,0,0,0,56,0,0,0,0,0,0,0,0,0,0,0,0
c8d72c654da81cf1a505c9c9b50ca3a2,0,0,0,0,0,0,0,0,0,0,0,0,0,5,0,0,0,0,0
9d68ea0b5ee6a8d45a5b7a7f3db6c63a,0,0,0,0,0,0,0,0,0,6,10,0,0,0,0,0,0,0,0
41d813067eae6c4d03eafcd9d68b2fb2,0,0,0,0,0,0,0,0,0,0,0,0,0,0,0,0,32,0,0
fa87d1f42e35e82552e21698ec582e7b,0,0,0,0,0,0,0,0,0,0,0,0,0,0,0,9,0,0,0
99f3aa7ae46e5470eb574d548cae4aa7,0,0,0,0,0,0,0,0,10,0,0,0,0,0,0,0,0,0,0
860636e41e8e3076c83ca6f88a730294,0,0,0,0,0,0,0,0,0,0,0,8,0,0,0,0,5,0,0
554dc8a0e6794e2402581caeac4e612c,0,0,0,0,0,0,0,0,0,0,0,4,0,0,0,0,0,0,0
9c9d98877d0d8783acba9656e9e35b79,8,0,0,0,0,0,0,0,0,0,0,0,0,0,0,0,0,0,0
7c5fe9dd791ed52725530c194d9986d1,0,0,0,77,0,0,0,0,0,0,0,0,0,0,0,0,0,0,0
7c0e06eed8f14530d1d1aeecdd99394d,18,0,0,0,0,54,242,143,0,0,142,0,49,0,43,0,0,0,0
9db90cb19efb4ee6abed2b72de944609,0,0,0,0,0,0,0,51,0,0,9,0,0,0,0,0,0,0,0
5070accfc2d51c56bd99ca9b11ab8220,0,0,0,0,0,0,0,0,0,22,0,36,0,0,0,0,0,0,0
dd826a0b04500e831227b597e4d37cd5,0,0,0,0,0,0,0,0,0,0,0,0,0,10,0,5,0,0,0
dee7799ee577211bded89307a5317ebe,0,0,0,0,0,0,0,0,0,37,0,0,0,0,0,0,0,0,0
c82a0bf2ad01c713a76d40cee1fcd497,0,0,0,0,0,0,0,0,0,0,0,0,0,0,0,11,0,0,0
6e04006e46ff3f56f4cbf74f6d1b6ed7,0,0,0,0,0,0,0,0,0,0,0,0,0,0,0,0,10,0,0
762329ecb13ab30f57d39e49f6bb2fb5,0,0,0,0,0,0,0,0,0,0,0,0,0,0,0,6,0,0,0
8448f1fcf17b17064efa68f1550c4c5d,0,0,0,0,0,0,0,0,0,8,0,0,0,0,0,0,0,0,0
3be8dea1641503aa9c62d32cae1cb0c3,0,0,0,0,0,0,0,14,0,0,0,0,0,0,0,0,10,0,0
3255f6bf59854da679cdd37b0c74c8f7,0,0,0,0,0,0,0,0,0,0,0,0,5,0,0,0,0,0,0
31b5257d7a53483003e2db535a1849c1,0,0,0,0,0,0,0,0,0,0,0,0,0,0,0,5,0,0,0
345e74976f4663228f0371475357fff8,0,0,0,0,0,0,0,0,0,22,0,0,0,0,0,0,0,0,0
f48d1b8da00d54c2a9b8e997a126bb5b,0,0,0,4,0,0,0,0,0,0,0,0,0,0,0,0,0,0,0
047e60c4846ab9bc9cc1c3372a83d8bf,0,0,0,0,0,0,0,0,0,0,52,0,0,0,0,0,0,0,0
6acefd4093042b8517959c562fe5924d,0,0,0,0,0,0,0,0,0,0,0,0,0,0,0,0,38,0,0
e16bd932db78526d1d8888cf1c145fa6,0,0,0,0,0,0,0,0,0,0,0,19,0,0,0,0,0,0,0
956a95864d300547b49386bc18ce476f,0,0,0,0,0,0,0,0,0,15,0,0,0,0,0,0,0,0,0
8dd855599647a16c02f8e1e17d9223c0,0,0,27,0,0,46,117,15,0,1724,1352,3434,1226,87,15,1673,1199,0,0
4c9062eb06ca74daac6fe2ee55f43913,0,0,0,0,0,0,0,0,2113,0,0,0,0,0,0,0,0,0,0
75e50017778ca60673b841e9714db53f,0,0,0,0,0,0,0,0,13,0,0,0,0,0,0,0,0,0,0
9007aa206c5e2f6751b1a98f6788905a,0,0,0,0,0,0,0,0,12,0,0,0,0,0,0,0,0,0,0
f270c3745668d010ae5338db6af3ad6f,0,0,0,0,0,2148,666,452,0,0,0,0,0,0,0,0,0,0,0
28dfe00f551c4cda3007742c84fa055d,0,0,0,0,0,0,0,0,0,0,0,13,0,0,0,0,0,0,0
4803a2a29459ba8da40f2fc9d7aa554b,0,0,0,0,0,0,0,0,0,0,8,0,0,0,0,0,0,0,0
0099d66a5da5dd4ccd7ddff0197fc1f1,0,0,0,0,0,0,0,0,0,0,0,0,0,0,27,0,0,0,0
17b962c1195173cdf6717eb5fb0af43f,0,0,0,0,0,0,0,0,52,0,0,0,0,0,0,0,0,0,0
2539c1a203161d83402c75f1cf3d9fca,0,0,0,0,0,0,0,0,0,0,0,0,0,3438,3460,0,0,88,45
1ad4b6424b05e99cc28ffe9c2dead9f4,0,0,0,0,0,0,0,0,27,0,0,0,0,0,0,0,0,0,0
998f48f87a017a25fe8de315af4a3849,0,0,0,0,0,0,0,0,0,0,0,0,6,0,0,0,0,0,0
9f43e78f8b6f01c7bda24f43376db41e,0,0,0,0,0,0,0,0,0,7,0,0,0,0,0,0,0,0,0
56beda26214bc4f860bdf54123cc2a8a,0,0,0,0,0,0,0,0,2,0,0,0,0,0,0,0,0,0,0
a0c331bd3def3fe84293fa9ee6da2b97,0,0,0,20,0,0,0,0,0,0,0,0,0,0,0,0,0,0,0
0fcc647408083cf0abd801328db9a634,0,0,0,0,0,0,0,0,51,0,0,0,0,0,0,0,0,0,0
20566de9a8a788cec1e5b89883594f05,0,0,0,0,16,0,0,0,0,0,0,0,0,0,0,0,0,0,0
e385acb952c2904ffb5289633c0449e1,0,0,0,0,0,0,0,0,0,25,21,0,0,0,0,0,8,0,0
1882e7a21f7187707dfd7fdbb6695a46,0,0,0,0,0,0,0,0,2,0,0,0,0,0,0,0,0,0,0
c166b9b12a8a40ff47a3db0cc9c8c110,0,0,0,0,0,0,0,0,0,0,0,0,9,0,0,0,0,0,0
5fa4cb437d11e8caeb3d477bbf0d2cce,0,0,0,0,10,0,0,0,0,0,0,0,0,0,0,0,0,0,0
f9129f78f23a8dc0d03e748440ddbf5b,0,0,0,0,0,0,0,0,6,0,0,0,0,0,0,0,0,0,0
eef36e14c341d39e5215b83763218aca,0,0,0,0,5,0,0,0,0,0,4,0,2,0,0,0,0,0,0
1efa9b9196126b84c1c0c54eb6fb28a9,0,0,0,0,0,0,0,0,0,0,0,0,0,0,0,0,41,0,0
2026f1b305469ec005ca37ed0204307e,0,0,0,0,0,0,0,0,36,0,0,0,0,0,0,0,0,0,0
d9cedb83a424e1aa08677dbad12e90bd,0,0,0,0,0,0,0,0,0,0,17,0,0,0,0,17,0,0,0
a395a572b87fb90f5caf215ca6e04b7f,0,0,0,0,0,0,0,0,0,0,0,0,8,0,0,0,0,0,0
36e9f10bb153b58c550fa4029cf234f5,0,0,0,0,0,0,0,0,86,0,0,0,0,0,0,0,0,0,0
2e33a2fba88225c5b1a0c0da4b0d5a80,0,0,0,0,0,0,0,0,0,23,0,0,0,0,0,0,0,0,0
32b39173995a63f2001e544fdcd2b63b,0,0,0,0,0,0,0,27,0,0,0,0,0,0,0,0,0,0,0
e562363893d8a0d76ab772e6e1ed8383,0,0,0,0,0,0,0,0,0,214,85,78,0,0,0,0,0,0,0
d8f28608bd4fb39eb22983ec7008bd8c,0,0,0,0,0,0,12,0,0,0,0,0,0,0,0,0,0,0,0
015d5ce44f5c98439edaa99a9f4c9425,0,0,0,0,0,27,0,0,0,68,0,0,0,0,0,0,0,0,0
9fd69fb029872f1cbe2842621cac9940,0,0,0,0,0,0,0,5,0,2100,54,1221,54,30,0,196,19,0,0
51bc3626d45299c792fcfcf574d656a7,34,0,0,113,67,0,0,0,0,0,0,0,0,144,417,0,8,24,10
b5f1c5e8683b3d21d722d9aa24b527b3,0,0,0,17,0,0,0,0,0,0,0,0,0,0,0,0,0,0,0
ccc7a294983bd02619cef8afd5791cf1,0,0,0,0,0,20,70,0,0,0,0,39,0,0,0,27,0,0,0
bbe4d312fbe25dc3e671f48783ab9303,0,0,0,0,0,0,0,0,6,0,0,0,0,0,0,0,0,0,0
656022665d6a1f759da18783468653cd,0,0,0,0,0,0,0,0,38,0,0,0,0,0,0,0,0,0,0
dcfaa2bed12686b583214be2183aad8d,0,5,0,0,0,0,0,0,0,0,0,0,0,0,0,0,0,0,0
3fedf9854000a8c5dabba01518f055b4,0,0,0,0,0,0,0,0,0,0,0,0,0,43,0,0,0,0,0
11a7d1f7b3ed9d4ae377e07cff3a28d8,0,0,0,25,0,0,0,0,0,0,0,0,0,0,0,0,0,0,0
2668548f54580b0de4e315d385b63a87,0,0,0,0,0,0,0,0,15,0,0,0,0,0,0,0,0,0,0
ce2eb42e7f90fb39012bb9d2ba9bead5,0,0,0,10,0,0,0,0,0,0,0,0,0,0,0,0,0,0,0
ad91ff24e7804cf2e0ab430c4190ab9b,0,0,0,5,0,0,0,0,0,0,0,0,0,0,0,0,0,0,0
8355142179463f384628f5b36b40eb51,0,0,0,0,0,0,0,0,0,0,0,0,0,24,0,0,0,0,0
c85d61d8f7fa81ff5b536e6b3aaaa3a2,0,0,0,0,0,0,0,0,16,0,0,0,0,0,0,0,0,0,0
1c105772d52972550add669f6bdb50e8,0,0,0,0,0,0,0,0,0,0,0,0,0,4,0,0,0,0,0
f997d18f50b66c8167be8336efe62d6d,0,0,0,0,0,0,0,0,2,0,0,0,0,0,0,0,0,0,0
f489354bbf9bca773282364e7f2d7900,0,0,0,0,15,0,0,0,0,0,0,0,0,0,0,0,0,0,0
a5fb1c88ac71021641e6fd1b2f2be33b,0,0,0,0,0,0,0,0,54,0,0,0,0,0,0,0,0,0,0
2b953a6073aeae9be7cf0b970a1fc5cf,4477,4376,4575,2336,1860,0,0,0,0,0,0,13,19,62,69,0,0,5407,5123
9b2414d7f56e403943d49091bc5c39ab,0,0,20,0,0,0,0,0,0,0,0,0,0,0,0,0,0,0,0
c0be0e521d327d553cf6a412f40fb340,0,0,0,0,0,0,0,0,0,0,0,0,0,0,0,0,0,0,19
10f11280c682e3b78e6008894c98be98,0,0,0,0,0,0,0,0,0,0,0,0,0,0,0,0,0,0,7
977414f7730cef91fcce5e326e8548b8,0,0,0,0,0,0,0,0,0,0,0,0,0,0,2,0,0,0,0
60fe13c1beb92215ae6ace0a8012bfeb,0,0,0,0,51,96,651,0,0,0,0,38,0,6,0,848,1041,0,0
e0a2ba739863a00a64a2cefdcf934586,0,0,0,0,0,0,29,0,0,0,0,0,0,0,0,0,0,0,0
beccc72d111d8b1bb39561b73aa7731a,0,0,0,0,0,0,0,0,0,0,0,0,0,0,0,3,0,0,0
c6a6cd913946e1b72f113c685893d86f,0,0,0,0,0,3,0,0,0,0,0,0,0,0,0,0,0,0,0
28f75c71fe3c762f794a59c835bd7c32,0,0,0,18,0,0,0,0,0,0,0,0,0,0,0,0,0,0,0
122007e6b3ea6b09aedf6a527ca07ca0,10,0,0,29,36,0,0,0,0,0,0,0,0,0,0,0,0,0,0
9a0258305cd38e192ddc800887a0d026,0,0,0,0,0,0,0,0,0,0,0,0,0,6,0,0,0,0,0
ac2ce582919255e05f05b4c46baeab16,0,0,0,0,0,0,0,0,0,0,0,0,0,5,0,0,0,0,0
0bab8319770ca7d2d436a19109b70e68,0,4,0,0,0,0,0,0,0,0,0,0,0,0,0,0,0,0,0
9a625aab3bf29978babc7e92e6a3f60c,0,0,0,0,22,0,0,0,0,0,0,0,0,0,0,0,0,0,0
df4fb4bc20897cbbf313d8bfd06e0e8b,0,0,0,0,0,0,0,4,0,0,0,0,0,0,0,0,0,0,0
3ef9a2451045702cf6fe692e2885f7a6,0,0,0,0,0,0,0,0,0,12,0,0,0,0,0,0,0,0,0
0ec6aada2e6e083f1db81f6ae32e14d7,0,0,0,0,0,0,0,0,0,0,15,0,0,0,0,0,0,0,0
ad3fc84de3aebad51f42c80d0ee129e0,0,0,0,0,0,0,0,0,0,0,9,0,0,0,0,0,0,0,0
94142b9eef4f9b007abe25c596c33369,0,0,0,5,0,0,0,0,0,0,0,0,0,0,0,0,0,0,0
155509c0d3c354d442c61c76b2ed0d10,0,0,0,12,0,0,0,0,0,0,0,0,0,0,0,0,0,0,0
aeca47743d5c6a64c521d6ebf967c83c,0,0,0,0,0,0,0,0,0,0,10,0,0,0,0,0,0,0,0
8acd12bfc97b16898981c23add99b28f,0,0,0,0,0,0,0,0,0,0,0,0,0,0,0,19,0,0,0
09a26fdd7cf6a3943bc6c24548cb57be,0,4,0,0,0,0,0,0,0,0,0,0,0,0,0,0,0,0,0
cc17a05b2a13604b8152c389f48329c1,0,0,0,0,0,0,0,0,0,0,0,0,0,0,0,3,0,0,0
7dbafff2ad9f1a495783a0ba63f3d624,0,0,0,0,12,0,0,0,0,0,0,0,0,0,0,0,0,0,0
85b31a1242fe42ceeed59f238e392a89,0,0,0,0,8,0,0,0,0,0,0,0,0,0,0,0,0,0,0
269927dc433c2af7d072044298a46c66,0,0,0,0,0,0,0,0,0,0,0,0,0,0,0,0,28,0,0
8039120119a5572f6c456d5bbc02e255,0,0,0,0,0,0,0,0,0,0,0,0,0,0,0,6,0,0,0
7ce1c6440b4648d78d3d70a9379470af,0,6,0,0,0,0,0,0,0,0,0,0,0,0,0,0,0,0,0
5ff138ffadf5c9a5d50386e0d0c242ff,0,0,0,0,0,0,0,0,0,0,6,0,0,0,0,0,0,0,0
6b5438462468b8b677ab4ce1b3ac6c0f,0,0,0,0,0,0,0,0,0,0,0,14,0,0,0,0,0,0,0
b374c13f712b6b5624376ea35078a62b,0,0,0,0,0,0,0,0,0,0,0,0,19,0,0,0,0,0,0
65e0bcfe8947c156161ab3ed20fccceb,14,0,0,0,0,0,0,0,0,0,0,0,0,0,0,0,0,0,0
99668494e7a190b1f6151bbaf7e819af,0,0,0,0,0,0,0,0,1,0,0,0,0,0,0,0,0,0,0
8034fd40db56e4b9d03a8d61b470e5a8,0,0,0,0,0,0,35,0,0,0,0,19,0,0,0,0,0,0,0
3ed2e96490d66916d9c18f84a94c8e42,0,0,0,0,0,9,0,0,0,0,0,0,0,0,0,0,0,0,0
02c081eb3651ff6258abc1645fe6e84c,5,0,0,0,0,0,0,22,0,0,0,13,16,0,0,0,0,0,0
9aae8e19886d8bfb831690651d79982c,0,0,0,0,0,0,0,0,0,0,0,0,0,0,0,16,0,0,0
49c11d24ebb985390e3481d21d8a5e5a,0,0,0,0,0,9,0,0,0,0,0,0,0,0,0,0,0,0,0
e1497b7ac49368d1c684e9c5d05273ea,0,0,0,4,0,0,0,0,0,0,0,0,0,0,0,0,0,0,0
8701843de8c37b5a54ae7f24a08ca620,0,0,0,7,0,0,0,0,0,0,0,0,0,0,0,0,0,0,0
8f94fe5a7b8bd0016c5f418219c29a0d,0,0,0,4,0,0,0,0,0,0,0,0,0,0,0,0,0,0,0
5d50c0c26576320aca22b3796501bea4,0,0,0,0,0,0,0,0,0,0,0,0,0,0,6,0,0,0,0
151a6de5a7d8d88c012c9d45349e8f6d,0,0,0,0,0,0,0,0,0,0,0,0,0,0,0,3,0,0,0
1ac2004317028dd75fab67bdf56ec182,0,0,0,2,0,0,0,0,0,0,0,0,0,0,0,0,0,0,0
f1dd12453f30e7747684a1d815682195,0,0,0,0,0,0,0,0,0,0,0,0,9,0,0,0,0,0,0
7afb8ea59b1c5fbce92fa3dbc0b4d260,7,0,0,0,0,0,0,0,0,0,0,0,0,0,0,0,0,0,0
6d4a28462e334f7755884f8502d4cda9,0,0,0,0,0,0,0,0,0,0,0,0,2,0,0,0,0,0,0
