OTUID,Bon18.1,Bon18.2,Bon18.3,Bon22.1,Bon22.2,Bon22.3
310e0bc3e13439e3dfc3a86800ca490c,0,0,4,0,0,0
2302d676691a4256dfd7837a6f1fd451,0,0,0,2,0,0
b3a7352dbaff4dade3a1b297dc283eff,0,0,0,19,0,0
d7b968658bef0bc3a83859d2b5dda893,0,0,0,0,21,0
b08aeef29b60933969499744aa0400eb,0,0,0,0,0,8
c316fc04d2454eee9cd315bf6ee17499,0,0,7,0,0,0
ed86a0259fdf087a2c06dee06ec21d51,0,0,0,2,0,0
375af4211400873b3bc651003841651c,0,0,0,5,0,0
16be3361b52891758bd2c234a3dbd495,0,0,2,0,0,0
fcd9f27e8b1e4026396b67fa7b8032ce,0,0,5,0,0,0
a3cea46c64133ab0bd936139b195848c,0,0,0,134,0,0
aa3579c295d0e1774ee096d7fd49d99a,0,0,0,0,195,0
5c5f70a81569c70ef2dc53f95f8b1843,0,0,0,0,0,91
f5eef171eb14cf66176ed3357ac6aa0e,0,0,0,0,55,0
be375ef35df1989fc0add162fd36d364,0,0,0,28,0,0
b16095a6b2a9f747585685655ddc329d,2,0,0,0,0,0
e9594a219e86979bf780e2da2763f048,0,0,0,0,95,0
b66151eac8ba1483d74fc227fc91505e,0,3,0,0,0,0
c1be2ac5a0dde74596ac0b7e55e811b4,0,0,0,0,0,20
4071d27be80240179975e33c161ff8cb,89,0,0,0,0,0
27ae65ace6f0f9a6baa2122fbca6a112,0,0,0,8,0,0
f0f372b3a299151fe1df9ea295829139,471,0,0,0,0,0
5ee7e155918e08a93e05a0f07e779cd1,0,0,0,0,9,0
31561534503ba741e21dc9e15f791112,0,329,0,0,0,0
751ecd67036b2c63c501982ea4af6a3e,0,0,0,0,0,6
9534ede852a080f302660593b36a6dcc,0,0,324,0,0,0
a08f8d50f4c4d03b8a0cd77a7fd986f8,0,0,0,9,0,0
39aa5ef5ae318dd65633a1b95f6b879f,0,7,0,0,0,0
72cd3f49649d25733f47c46ae318937d,0,5,0,0,0,0
4b899f5fac1e57090ef756e3e4c62ab3,0,0,0,0,2,0
f15366642585b31b49e23c93bfd28bd6,11,0,0,0,0,0
5bff10102806996a0e664645efa0b143,0,0,0,0,9,0
0b974dc33ab3000dd586f7fa825bd2b0,0,13,0,0,0,0
860205f2309941a90bcf0879e16bf552,0,0,8,0,0,0
c1ddd687fd511d2f900d0a0db0e0a937,0,0,0,0,0,3
35a64f845e6542060860e7d518d9ac2a,3,0,0,0,0,0
ff8381422be16c83b8835e4de73e1697,0,0,0,0,10,0
522a630d46773cc914d4f9e4d2be8b5c,0,0,0,0,0,7
018a0d47f188d2d52f5bf64144623d7d,0,0,3,0,0,0
03ea2b6f19cfd673bbc196a294d3ba59,0,0,0,19,0,0
7d4a21f69bcca2077fda9988f5f0c335,0,0,0,0,18,0
85e4afa42159b300ba52b8946ef3bf67,0,0,0,0,0,17
602c17f7a077462082fae8877b20637c,45,0,0,0,0,0
0e4e66507e790cd729f84ef656ca0a25,0,19,0,0,0,0
0e9435928c75d5eae269e8c7ea046fef,0,0,46,0,0,0
781da64864fe2226081162a368c9c203,0,2,0,0,0,0
03c5b5d8fdda38889d7094532fd934e7,0,0,4,0,0,0
3be1ff72a1a721978215c79355520a83,0,2,0,0,0,0
8c69a57be781fb608250eb6b1393a95c,0,0,0,3,0,0
5afbf4b93d909f57a9f94ff472ccb3ce,0,4,0,0,0,0
0116c0204a888743f69e63ab78c44192,0,0,0,0,0,3
be74adae995e42458ccf5add6ac1fe9d,6,0,0,0,0,0
b8b8c69b7fc6111001e7479e8d6a38e5,13,0,0,0,0,0
93d12ba3ce70268b16117d6bd990e1cc,0,0,0,0,12,0
0a39316413fb89c98a0c5e85d0a3b2fb,0,11,0,0,0,0
deb1c03a29fb61f7555ff55410f5e47b,0,0,0,0,0,12
3ad4867fb872e1a551c9ac2fe6ccf68f,0,0,0,16,0,0
04054cf973b08d86e768eac13b4e8091,50,0,0,0,0,0
d614112be4cf43011f25a7e963a137d8,0,0,0,0,23,0
ff60970b8a7d8d7cec405625c82e3a70,0,45,0,0,0,0
baad6ae117754522126252db57c7fa19,0,0,56,0,0,0
61c7ff61eed4f151cc28dbb43a0cb71c,0,0,0,7,0,0
d130335ca00018915d6579a62cc8636c,39,0,0,0,0,0
e8b6f507045ae37b6dd3f116142dbf36,0,0,0,0,23,0
2ecc16bb26629a69672eacb5ac9faf85,0,19,0,0,0,0
58f3ae785f7ab21b0ac44042f59d5e1d,0,0,0,0,0,8
d67be27299a4813af498e3aabfec1a38,0,0,20,0,0,0
cea353bb5943b38c8d30a1fabedc49ae,0,0,0,0,10,0
e64747e470dcec11af473634eed92fcf,0,0,0,0,0,4
d1b97e40c5f5392bd49aa2457803c3ec,0,0,0,2,0,0
ac6cbf041451ba08f69d56d66d9f79f8,0,0,3,0,0,0
626b930738f9c881ab1c3d48ba81e51a,0,0,0,15,0,0
3ce4adbfa846a520d5ed49a2335d1490,32,0,0,0,0,0
32fbc78ab023b196537c772c6ac5a901,0,0,0,0,35,0
bec9c2662e9cdafb89beb69bbcd0a361,0,41,0,0,0,0
00973a4d1f83b3d3b33d8ae7133576db,0,0,0,0,0,20
5e883a372c71aa1ee13b3c5a8a561461,0,0,32,0,0,0
1e3dabde4f23bef74528d8fdf9d1c4a0,3,0,0,0,0,0
3cc31db9b0156f350dea4688dbaf612d,3,0,0,0,0,0
3fe8e7e4c443ac69092256eb6ea00aae,3,0,0,0,0,0
3631cd436c0ea83ca308d95a9f4a5206,0,7,0,0,0,0
bdaf3be35047df08be26d094ccf94097,2,0,0,0,0,0
cfe06add01c657d0ddee43b25b839575,0,7,0,0,0,0
16cde87827136bd62111564ef0b506f2,0,0,0,10,0,0
c7becc7f1af26ab1f74d6fef6aab56f8,140,0,0,0,0,0
9d773ef47f82504e9cc8c11a1e509ce3,0,0,0,0,5,0
844a15c1010a29adbdc793c19ce5f9f3,0,154,0,0,0,0
6eb7e8dd4bdfe43bb0ffb14eacbfdf74,0,0,0,0,0,2
7b141c47dd06d5b2bca0ca6b862e6e34,0,0,186,0,0,0
dde925f31a963682e5341faa2014cc5f,0,0,44,0,0,0
b201045ca73cd4b87ddb6fbdf8788900,0,0,0,265,0,0
fdccfba32ce2388e63d77b61fc69f75b,176,0,0,0,0,0
da717f540e8c25ac816fc5c5f5d45183,0,0,0,0,289,0
013d8520cf19ae1374078b3fc046cd95,0,184,0,0,0,0
3b76ec19f5f211e60e07204ab108f6f7,0,0,0,0,0,121
d152ff0ebef0cb48507725bb5821b21b,0,0,213,0,0,0
54ae1f313169f75dad603809e403050f,0,0,0,4,0,0
d7a6dd72d1c322245074a958354d8373,23,0,0,0,0,0
dad4560de59f4a2f57d47dce6613cdd3,0,0,0,0,11,0
61eeed4804b6dc03fb505be1a6b956c7,0,24,0,0,0,0
6bc6590530131ed7c49656c1bbdeb285,0,0,32,0,0,0
4a5e778bb8cff41ba98fccd80426d521,0,0,0,47,0,0
a08d407db6435b28253c149e885dd5c7,0,0,0,0,58,0
dd2b966edd1555ccae4295f41550349b,0,0,0,0,0,52
15a32b55e484fadafe987c1b8f825305,0,0,0,23,0,0
73bfa03a1579e836f68e7646c508aa88,2,0,0,0,0,0
3ab62c9b5c162d0c3fdb348993612fd8,0,0,0,0,24,0
db846e9efbfc483a7167cb48ab9e8d1d,0,0,0,0,0,16
a1088f17759787bb49341f893bd4e0dd,0,0,0,11,0,0
505e7fec052d13c3d6b22e52adb32a24,0,0,0,0,12,0
d4bd8a20678831f6700daf565cc4610e,0,0,0,0,0,5
9661d5ddbec726fb4becf818ea9ec9ec,0,0,15,0,0,0
4b44ac04d87b6467f01b6413a7f6f383,0,0,12,0,0,0
4971bacb37d587d7e4bf454066d0a5b3,0,8,0,0,0,0
1da4042889aeac9e976c58a730158a83,0,0,5,0,0,0
ac06ce3e4b0fd318b314a7ce0365baa9,0,0,0,0,7,0
39ea08a8cfc7acb3f1942c1f7cc90b08,0,0,0,0,0,3
afb40d1900eafb7738624195351463ee,8,0,0,0,0,0
bdac7423842aebca15f07a7e56281c37,0,0,5,0,0,0
7dccbf4886bffc852623959d25c72b39,0,0,0,3,0,0
6f4f1ff4b8c9330d5b15df0dabdd2961,0,0,0,32,0,0
be2eb7e2b2fb64e5b076a525996dd033,48,0,0,0,0,0
0d05237bb82e6d4bf6e57fe8cca2379f,0,0,0,0,35,0
6bc4fdc6e18bfb1c20657782b1bf4e2d,0,16,0,0,0,0
8422ffbc1c20e47ce02c086e6b396292,0,0,0,0,0,8
89b210b39b75ef4973c22848d4a91389,0,0,55,0,0,0
40faafb103df87377043704e2f8565b3,0,0,0,0,4,0
008d4d0135d80d90980c6458dde2a31f,0,0,0,95,0,0
18ed425034393e743a421e38123f4ed7,7,0,0,0,0,0
946eef7211d15aef62142417e2c1c5bc,0,0,0,0,124,0
da42dee9ecff34a2df003b969d64ca0b,0,5,0,0,0,0
5e7852912066484a6c3981ad9016ced6,0,0,0,0,0,51
eef475dc08aa694b530fa3d43f584554,0,0,0,14,0,0
037842ca6bc6c5b6dcb006456ef3d9a7,41,0,0,0,0,0
e9ae33c0f8e99ec70b72147dc3c3ce23,0,19,0,0,0,0
1d19652becf0f0eda1b01e5fcd110788,0,0,0,0,0,6
986afcacbaf6c239937ee7f24f5025d2,0,0,45,0,0,0
1911779cd791d4001834deb4474b1994,10,0,0,0,0,0
69ead2a8b23a3fa1410f08e1448abf87,0,3,0,0,0,0
6343360e8aeb24335c100e0f6b45cc3b,0,0,14,0,0,0
f0e9bf16619284965e2ab02e1f82acb4,0,0,0,14,0,0
1a65579863f307a037dcd50a61ae7cf9,0,0,0,18,0,0
33e101f62d8de501d5cbcdf5c3746258,22,0,0,0,0,0
1078ffe5a6d232ac5eedfed77473cc62,0,0,0,0,77,0
80fd40e9d3ccb3927934c35b2614d305,0,24,0,0,0,0
cc49f4322429732a4eda4b270e456724,0,0,0,0,0,8
d5b924da5408472322ec79b123e5fa3d,0,0,24,0,0,0
5d51ebfb4e8ff0ab5875b0f743fe5430,26,0,0,0,0,0
70fc02aee0a7c361e9a4804217d36481,0,0,0,9,0,0
7737e1de23cac624d58d333473a44bfc,0,0,0,0,73,0
e5f79dd16f349c9bc463caccb33487e3,0,20,0,0,0,0
62865e5cab62e606495e3075ed7b883f,0,0,0,0,0,8
3542879061b2d05651da5e36d557723b,0,0,38,0,0,0
2386f0d6026ed696f3e107cf8a787997,0,0,0,54,0,0
48cb34f5d02b057e56316f742a375b6b,176,0,0,0,0,0
3200c335dec3d53bc81d7bfdcc797922,0,0,0,0,147,0
7b77019ab3d8e11c213662fc61179472,0,132,0,0,0,0
bf4a70b4f0aa6dbb7b39e24b59d00a61,0,0,0,0,0,28
d8e55314b3a1834c46071a5fd6f349b3,0,0,218,0,0,0
994f767dfc9f45c90e72ab93ac025e7c,0,0,0,0,27,0
b21ba9f06e44a218c58db6c65d58fdfd,0,12,0,0,0,0
be0fb5ee1a89a011e7540610e67dfd1f,0,0,0,0,0,14
a7d561a5e2674dedf82a93fc81ce6d13,0,0,8,0,0,0
4a81ed91900e1fd51087a94a505573b6,0,0,0,1686,0,0
e81fc29e3b6c5a8d160cc1d661ac9af3,1810,0,0,0,0,0
eaf838bf054453b80f5236ba7a156b62,0,0,0,0,2827,0
c2431dd82fb4320aaa11825251cd9cab,0,2249,0,0,0,0
c065a75531405d840113ed348a1f54ac,0,0,0,0,0,3177
34014cce605f89ace2f25fb75142d28c,0,0,2707,0,0,0
a5ca2c05248aee3b673ca3c478319dc0,66,0,0,0,0,0
56ba763dafe04f82badac210b63b576d,0,64,0,0,0,0
8394bd4ddae9d1369855421ec2720637,0,0,129,0,0,0
0d2481ee02c6f8a9218830c31786c25d,0,0,0,16,0,0
8fb257eda5f34fcf22a33d816b8ba84c,27,0,0,0,0,0
cdc73abc8b4bf1bceddcd16720c7d6a8,0,0,0,0,73,0
d7b9c11364b91a83fa56adf1088752a0,0,34,0,0,0,0
28b6a456131df3f35adb3d2dfd0a1ffd,0,0,0,0,0,9
de1965622f99e8e9b53b1f4e48e14d18,0,0,66,0,0,0
cd4949abe0f96c545a78ad13ab877526,0,0,0,126,0,0
687f7d4200d356c977bab47b1fdf6527,167,0,0,0,0,0
d0e7c916bad41d0ea7a36421ba29fc47,0,0,0,0,214,0
7b8fe0bb93bb39892016811e04e9b38c,0,153,0,0,0,0
546654d7cbd136b4825dd153aa806806,0,0,0,0,0,44
bfb56126104110319234669a30a0047e,0,0,273,0,0,0
f478e7ba0ea8fee6e2662b301cf3cfe0,0,0,0,0,7,0
f3027f033de8bf55cb6620e804f79c71,0,7,0,0,0,0
240fd66eefe6aec2392df27242104c8e,0,0,9,0,0,0
f0d3fd9d7681c087db7d1c5ae94b2396,0,0,0,4,0,0
f11b2131ed6c61b02554717661a4187a,4,0,0,0,0,0
662198cd00b36474d8f780cf90337569,0,30,0,0,0,0
80c959a961d66e07b8c59a92528b4041,0,0,0,0,0,9
69382272039da8cec44a595e186f1859,0,0,0,7,0,0
c58feba1bea8ca6b4a39fdbe7f8ecb9a,6,0,0,0,0,0
16755480033d8a399c716a3d9a718e1c,0,0,0,0,14,0
3a8ba2707176a7492ae1c5070016b1cc,0,0,0,0,0,5
47c88e9a9eda7f0c27eb380757c391a4,0,0,10,0,0,0
26f5621a347a875d1d5c261afc4c2b59,0,0,0,6,0,0
551bd0db7161b66d971f69bf2bd91744,11,0,0,0,0,0
87154c178946bbadf0242cec1d48e275,0,0,0,13,0,0
bd6e5eec512cad6f6aa3b6295cef8d2f,63,0,0,0,0,0
cff313dca7f50cf0df5733065cd22899,0,0,0,0,6,0
35bccafe61e5fc0d7af38eaa3e91d114,0,91,0,0,0,0
6509d95d93330472ef8f2775b3b6861d,0,0,0,0,0,3
014a39ff28a5840c3bb7700758bcf8e9,0,0,90,0,0,0
8ca57bbf9fe819fbdbe8328257b9bdab,0,0,0,104,0,0
9a0a86a80da128e0891e2ac32817209a,109,0,0,0,0,0
06abcac86193f3fdfd418a225866a167,0,0,0,0,108,0
ca51f039647ec377a26fabacb11b5dce,0,87,0,0,0,0
adec56844a93b05236cfc4450ea9a0c1,0,0,0,0,0,60
fc2308e8613d0c5b4439d3056cc7cd5b,0,0,137,0,0,0
9cddbc858849927bd95b51e92801457a,0,0,0,7,0,0
4fc7e259e2e2728b1bd1606c609b6cc4,0,0,0,0,5,0
42860437598598721d3ea1c9bbc1e508,0,0,0,0,0,9
3ce4992c0abdcd4c9714fe782b1ede88,0,0,5,0,0,0
362aa451d96ed418dc55aa6d4a4395cf,4,0,0,0,0,0
76f8d59c4b662ffbf16acc791d262da4,0,0,3,0,0,0
d7a174c480e253c3dbb40a4babcd031d,0,0,0,24,0,0
874b261e84dfa101f7a95d48ab3bdcd4,16,0,0,0,0,0
e2fbb00144509710f92d23bf07a57379,0,0,0,0,25,0
dc2fa0b44719106ac0387ffa74cc564d,0,22,0,0,0,0
d444c049058bb35ad7ece6e996e85e29,0,0,0,0,0,16
7a498fe313c7b27773a62488dc8da3f4,0,0,20,0,0,0
2628f5c594c893be6be69a54224d3f4d,0,0,0,3530,0,0
98486f171a34b8df8a7f922a33265309,0,0,0,0,11990,0
42aae39a05eb8a438981bf5d9fc4c643,0,0,0,0,0,13687
894d4b06e7ccc227583aa1ea0d271e16,0,0,3,0,0,0
5333a5a62c65dea91fe5916b9cec018a,0,0,0,0,0,279
5fcff193c6a082136cf04f6f707ce6cc,0,15,0,0,0,0
b377c5e70cae00f5ad8dec0734068f75,0,0,10,0,0,0
575c6da100d67a45754afbb788a7ad7d,0,0,0,0,0,13
a1041211405433b8b9995c8d86b2eed2,26,0,0,0,0,0
a2f83af0740c3967f75e0b6d06948658,0,0,39,0,0,0
e0c8142ce6251c4a8f54331714c3391f,0,0,0,22,0,0
a4ebbc862f6898b0377cc849f26909ca,0,0,0,0,17,0
b69d954a5f2e7d729ec9dd043b7a3356,0,0,0,0,61,0
4c0056de68a6d148f45716b641a82926,0,0,180,0,0,0
47df5444308ca2ed7d9d1af227808960,0,0,0,190,0,0
3407ab773c325ce3a7815b1dc7410b03,54,0,0,0,0,0
78953f9481117d192779745b023fecba,0,0,0,0,102,0
068554ebe4d99fddc3acce38d31fd33c,0,47,0,0,0,0
2e40fb9a152547498aec5b996fc53b8c,0,0,0,0,0,100
26ff130b15e9480f992e2c5dda6c993c,0,0,25,0,0,0
050c098fd473a4211fa83b96a4c068b8,7,0,0,0,0,0
c4c95373a53667d3dfa6e9072dc3112f,0,8,0,0,0,0
a06f38aa26b08d16ad9fba6ee3e30c81,0,0,9,0,0,0
2872ddf4ba00afe3e05e2d7b16c79648,0,0,0,3,0,0
0ee27b8cace1b67e9d3ce55dfbd78666,8,0,0,0,0,0
f06a3befbb7f20e8d0670eae14828113,0,0,0,0,8,0
65454dd7555d4ce609beebfb736f23e1,0,6,0,0,0,0
261687f4af88d4dd0302d4168cc13a41,0,0,0,0,0,3
aa7fad0ec7dff653dd6a5a8a056989d4,0,0,7,0,0,0
ab3d0aa86e075f8eef396c7b9b34ca69,0,0,0,65,0,0
541551c3b752654edc2075185f2ef867,1064,0,0,0,0,0
1b2afb9af1129ce0426c3db54b5ba7de,0,0,0,0,57,0
0686bec22356fee5c23710265ad19404,0,590,0,0,0,0
372e994468346cb9327ab096b0d44250,0,0,0,0,0,35
6ff89889df3457874e99f69f3b90ca3f,0,0,847,0,0,0
31bc0fcdaafa0aa5b2ca47d968dd711e,0,11,0,0,0,0
ae3240274dbead76560c837f05f83af9,0,0,0,0,3,0
8695a88ada0a056ac3dc8edafab0f393,0,0,0,31,0,0
00f4e0e202ecaf7539fca1a8bc735f61,93,0,0,0,0,0
b2b6ec7ae39af9f430a93b4420eb97e8,0,0,0,0,25,0
1ef8e600dad9d1c2737e0c40f3a7304d,0,101,0,0,0,0
f7d6936933a4f15527fbdcef72d2b144,0,0,0,0,0,3
0e3c5f9af84dfee16d823787a9fb17b6,0,0,360,0,0,0
0ed000e72f9a155eceefac53d7aefbcb,0,3,0,0,0,0
05b3a0248c7a78b3fc3ded2381e3c59a,0,0,0,0,2,0
2761ecef7b380e70f951abee6cf62b11,0,2,0,0,0,0
8a4a09e21d71dd499b75a0391de6cbd1,0,10,0,0,0,0
acad22e146ea99f6186ef87ab1904f96,0,0,32,0,0,0
2ae7b6e32ababd939c83302712db91be,0,0,0,0,9,0
3a5fb67b0041f7cc6a2815a09c10c887,0,0,0,16,0,0
baf1d843c895e7356f967e9ec983211b,0,0,0,0,15,0
4fa869399bcf8640d7709729e36d23eb,0,0,0,0,0,14
9f7a667618a991744ce1bbf1fdbfc551,0,0,0,37,0,0
1b9c66375e36ca6dc5fe14cbf930e8f2,6,0,0,0,0,0
e5f8fee6d63dd0e92e0e06659e7db099,0,0,0,0,221,0
fd7c9b04b6b781a069fce806e6ddeefb,0,0,0,0,0,50
0900ce5bc49cd5979972be0db99326ba,0,0,22,0,0,0
b06e7cd0cada9b4319ba566d94b6f671,0,0,0,72,0,0
bc6c9d2cd011d770d90ed39501ace771,0,21,0,0,0,0
c9f4fdc715c61e473f3f979a4890cac6,0,0,0,87,0,0
878b83190f75ce64e839377bd631daa9,0,0,0,0,43,0
95e52afb467d7797674cd8e13ec5117f,0,0,0,0,0,30
8635903e102d8f4605945902f5b44f19,0,0,0,416,0,0
bb53011d7651fa284f445d871a0f57fa,41,0,0,0,0,0
2ca4c365f2bde05c5ec072f072fddd4e,0,0,0,0,221,0
b758dcfdaebf4381f69ad930be2d23a2,0,62,0,0,0,0
185048755d7ecbe4602443098ae0e0ee,0,0,0,0,0,162
85f008cacaf27eb03c116999f41744cd,0,0,49,0,0,0
acf0b5206bb7f730c3f7a5ab5b622d2f,18,0,0,0,0,0
4c8aff6feb50eacedb24f0bc884abb4d,0,0,0,0,37,0
b3bf1fb905a9cd998c2a9baafc82a737,0,70,0,0,0,0
246fe0b183ce19f226b65e9aadd0a1fe,0,0,33,0,0,0
9f4f161fc55063d1ec936b1c310be89a,0,0,0,5,0,0
d340f6c2469c4f324d137f6a0afc4c07,0,0,0,0,3,0
3e53f85fce7290ca9136388cb32d6af0,0,0,0,6,0,0
ff905505ee26c58c8aa0b4e28e90d5bf,0,0,0,0,0,4
fa320b7b8bf3cea5445ec75965e68188,19,0,0,0,0,0
5d929de21a77339aadbe81ce6cd4a892,0,32,0,0,0,0
2e95f38f49ca09a4d553e8f604397f13,0,0,24,0,0,0
9eb87ec0aaf216c19167568ebd809b5f,0,0,0,5,0,0
f919f3f8500f8f3da94ca37fb909f4e2,5,0,0,0,0,0
6e052dae98c86a4d1cd25008f284c7f2,0,0,0,0,8,0
05672ffa291d95c714e7d103b100ccda,0,0,6,0,0,0
f31ca4ea0213a229bba59b3414f5ba3a,0,0,0,24,0,0
cbfc637c8a51aa9a594f31dfdebc67d8,0,20,0,0,0,0
8c365edf56fcd1014188d1556af6903d,0,0,17,0,0,0
4527b3a9e836e15de1b8b05c803edd98,0,0,0,149,0,0
c6831d944ac17e0f02cc6b00a3e48f11,12,0,0,0,0,0
1423f0f1db0d4065d3c6197b4bc824e5,0,0,0,0,130,0
5bd7c3ac37f5406e69aa04d1af01e2f0,0,0,0,0,0,68
362313a47287e751a823775b5053f068,0,0,0,0,15,0
28c1bf5eddec4577cd2e554f0002a09f,0,3,0,0,0,0
e24edf39397a11c45bb7c2dd9c560c35,0,0,0,0,0,8
8737aca865b3061ad742b3be2f12fa4d,0,0,9,0,0,0
6b0815c6a7671388a6f546f35727a323,0,0,0,88,0,0
c1290f244cafb1bca4e2e5b888050b78,65,0,0,0,0,0
92f341fad4fc59258b54ef684ec97a3b,0,0,0,0,175,0
c13552d277153f6b89a84b2aa878cb4a,0,0,0,0,0,62
3c67172cb73a6722ae01273abf904435,0,0,76,0,0,0
3e87015a25ac8b4eea0384b0789c3d5c,0,0,0,0,98,0
e5bf4e54c048be10f75fdcd243f777ef,0,0,0,1163,0,0
b75d81a7256a60bc503288f544ac0e43,787,0,0,0,0,0
bbdf4650e5013e211a661bdaaf71c588,0,0,0,0,2209,0
7f163d01f8b839157709d18d4c789f61,0,631,0,0,0,0
489a3d532ebedc3ca18de268f15b8e9d,0,0,0,0,0,847
52f7dbedc2fd6e1aa5d5c38c9f08dd07,0,0,957,0,0,0
5bfa78a51b4ade0b193fa25a4eb50a56,0,0,0,83,0,0
9fa5a42ed2a1d4a6dbb395276b45413a,69,0,0,0,0,0
c80c57eaeddefbcb1c666cb691683650,0,0,0,0,199,0
d5d2adcfe7e07bf14761c752c0d28345,0,0,0,0,0,63
7108244541b6258598cba51c1f9e312e,0,0,77,0,0,0
8f5f2990856f11ee3b679f3ac05db17d,0,0,0,0,0,2
068646fb1fa9d0f5561d7e83b9ae64ed,4,0,0,0,0,0
d064af843446606227bff5c9f28b06cd,0,6,0,0,0,0
c829928142d3ce2419379e7760882d73,0,0,6,0,0,0
57355f7e1dfcdedc6a93f49ee19037b9,5,0,0,0,0,0
7461f7f321b9d2301b7b97bd8e5790ee,0,0,0,0,10,0
184e0c78d0ccc08c2950667150c84003,9,0,0,0,0,0
875a582dc9c38369ece1fbe39b64a2a0,0,6,0,0,0,0
47449ad51ee8d813d0a2e5127e0f9f27,0,0,14,0,0,0
e1ee3890c5be96feeb80138dfcd6df58,0,0,0,0,3,0
0e70c2d27f2df49d7a42a462b4462183,19,0,0,0,0,0
dfc08f9f0460193098dc324a4643ac73,0,0,0,0,21,0
611755dbb90d0f5deb10e64bb3512115,0,9,0,0,0,0
d555b28f7d44e5783b447f6b83b3fa95,0,0,0,0,0,4
35116a6c9f9ba103d25140111f1befd7,0,0,19,0,0,0
123f3abe264eaae523d8174ecf742acd,0,0,0,2,0,0
5e8e748b3f688c044c08984b825cef56,0,0,0,0,0,10
521a0d5e5e352bd2d2e61518ae3ca539,0,0,0,3,0,0
ae2741dee730d1c4cc52a18b9540d182,0,4,0,0,0,0
8ccf175a30a0eb1e4ef0efbc4300f285,0,0,5,0,0,0
8b52c1f86384519df6e3aa252afbcbbd,0,0,0,94,0,0
3c71a4689eb5a67823fb9c3a750ff0ba,39,0,0,0,0,0
be80f387bb941d1a799e155acb52dec1,0,0,0,0,132,0
5b70a12a1bfbc30f6061c2270444bdd4,0,30,0,0,0,0
c43749d2cce236ab79750253f65b5348,0,0,0,0,0,56
167e117c62efd3f2d80f2f9001f7dfee,0,0,54,0,0,0
0cee0544872a887ba14598005d75f671,0,0,0,141,0,0
f42abe00eb52009339b1793be3bd0771,65,0,0,0,0,0
221d98c7b22532c5425f369d622fa3bd,0,0,0,0,192,0
dc44ba2439f8c899c31eb31d55973704,0,72,0,0,0,0
007c68cc77ef5c9ff4205d7d2305fd35,0,0,0,0,0,94
0a5694fe2ad933a93b376201fba3302e,0,0,59,0,0,0
0121062501d1f00675ba17270f7bf50c,0,0,0,9,0,0
01d7eafa1a6a36b5752769d453fdb9d1,0,0,0,0,0,8
762919650bc4f79fadd55b329135528e,0,0,3,0,0,0
a8ec2f6dcbb00a2dfed5cc706aff864f,0,0,0,7,0,0
c7cf39f1027eec4f676abed22dc579bd,4,0,0,0,0,0
3d3d20abb60413ddfe9a9801092eb22d,0,0,0,0,13,0
1c9d71dd968841057c58806e2f64d0bd,0,53,0,0,0,0
4fefa782c0af07a5a59093b3200accac,0,0,0,0,0,3
5539edf4daad5030f856f6e33f591c0b,0,0,8,0,0,0
0302ddfb985f957739e05c9b754e934e,25,0,0,0,0,0
cfa2f67f84ef519b8b879cc0a8d9b598,0,0,0,0,7,0
e054f627ca211df50480841d42a9d450,0,31,0,0,0,0
69da56648c3dbe63cebab023f09986f2,0,0,0,0,0,13
fc0e5c376ce5dedcf8c4f13abcdb29db,0,0,24,0,0,0
6385d03653db3a550e977cb305defb58,0,0,0,92,0,0
e491f781774628e35b0dc60ad0645f04,273,0,0,0,0,0
dfdfb97ee8753769601d5f970dd5edcc,0,0,0,0,151,0
e46cabd2d80e61e848fa7576d1a6ac9b,0,206,0,0,0,0
97484ccfe44efd2a893a82cf33fb07ce,0,0,0,0,0,39
380688a8fbbcfbae5aa3d6b2524a5d76,0,0,332,0,0,0
7bd341c7d91cb6963415580e599e80b2,0,0,0,36,0,0
018a354582b8525c7966c487768c4b9f,53,0,0,0,0,0
f79e4b6c17e271ad1bbe982a8f6eb072,0,0,0,0,50,0
b46acc1a48bfb21dd4a5ae29a2abbfa1,0,97,0,0,0,0
992a541a6007205cc29a76249d4ec839,0,0,0,0,0,34
561b1e52cf9c0f420cb064680f965b1c,0,0,75,0,0,0
a38e94736ebc013e8171d21ca14f51d4,0,0,0,4,0,0
3e83191aa5ad55374d516b9c1801d7bd,7,0,0,0,0,0
b0d02d864d97a7562e8cca8fd8e39eaa,0,7,0,0,0,0
3cf77e073801a840e57d3a1e6af80ff0,3,0,0,0,0,0
7d202f8a52dfaf4a5380a4c904df378f,0,0,2,0,0,0
a117e84bc7f4e1ee9d4888c973bd6082,0,4,0,0,0,0
ca7fce71599222c08a52378d5f08cea1,0,0,0,8,0,0
9fde076477950d8e36aa43cc63a7ce04,5,0,0,0,0,0
42744de5209426d9310ad7150a147bcd,0,0,0,0,20,0
6db02f28c33c00559a3df345c9de52c7,0,0,9,0,0,0
2391f1907ab383b89923350c249aeb61,0,0,0,49,0,0
6d770adc4fe3241e468e08503072b1bc,0,0,0,0,0,32
69d7a6c19e9a4ca4ab461ae748aa6eac,13,0,0,0,0,0
791c9e93ae9ef0b6bab986d6e551618b,0,16,0,0,0,0
93c6950b33b7bb6ad864cb022482ef1e,0,0,0,6026,0,0
ab171930071c45d26ab82d5a7662f82a,5792,0,0,0,0,0
aa08ba5099f03b7905687c22063ee4a1,0,0,0,0,6094,0
8f7407bfa4ec8f6b7db4987d6aa8a2cf,0,4129,0,0,0,0
eedca3876cf40f356647bf0ff9400902,0,0,0,0,0,2457
6a5a99c0c48118bf05830350d1dbf956,0,0,7806,0,0,0
2a319cb8eee0d5cb15afd76af796c561,0,0,0,152,0,0
2af8a0ff7e61c0e7d680bc0a32d6a429,174,0,0,0,0,0
f94504cd0ad1d93b79450d944a9342b4,6,0,0,0,0,0
f9c011c1f1ec0b974a6fd141e846fcc5,0,0,4,0,0,0
4bf3c0d554aea66081757be555ddff42,0,4,0,0,0,0
76791ec5cb1ab85ff864d26c4f333168,12,0,0,0,0,0
9107191da98de7b13067dd20f5b798d6,0,13,0,0,0,0
42ce6318161129e6e034e32ecb5c027f,0,0,20,0,0,0
d823643c7e9ad7b85206d45c6851d23d,7,0,0,0,0,0
f50c0e31186dc82fb6ccb1a232b29869,0,0,9,0,0,0
562c2d1c2378427edb6309a7dee29c24,0,0,0,91,0,0
6d3f479f31fca474eb4bce35aa0cc168,159,0,0,0,0,0
5058d6d28a51a5dda3d29f0a304104a8,0,0,0,0,362,0
1849c87a75add3a1f5175f05ceadd1dd,0,234,0,0,0,0
fe25522ef7a3de8e0e5d2e3e47cc2959,0,0,0,0,0,69
38e819a067d50281cb89a6d33b636146,0,0,263,0,0,0
b413bfcbcc7f1a41fee233db21b72ff3,4,0,0,0,0,0
38d89c927f2de67fcc45aba8977cd119,0,0,0,409,0,0
594d78d439aacd4ed44cf771b0c87a1f,357,0,0,0,0,0
142111c8c0d0c2b39794af80df278e7e,0,0,0,0,744,0
08041217f50373bdbfe072eff633c98d,0,586,0,0,0,0
a9dc47f3d8929472207c54269c34fa3e,0,0,0,0,0,383
9fe1960214376ccb34a95759c8e31e50,0,0,678,0,0,0
4fb89a1db700653762dda7dd861f24b4,0,0,2,0,0,0
0adb802309dc1d89a99a10369fecabe3,9,0,0,0,0,0
871d1b03849bae2f24a7c9c3538d5b0a,0,0,4,0,0,0
9c3b6dc3d19ce7952848d6a15235126f,0,0,0,4,0,0
146f46875c9536450f59b21b809e1a73,0,0,0,0,6,0
d857d9a1c99cea6cbd23cfa5b6933643,0,13,0,0,0,0
d3c9b9445923ae544192405a66a64917,0,0,16,0,0,0
4c9307ef42525773996a9e1c849d0e13,0,0,0,0,0,4
2a98b5e371c20206d9d7542a488748a7,0,0,0,39,0,0
77a1f581e891cf50e13cabc5e9cc00b3,0,0,0,0,21,0
ba60bb7817b64901eb60dbd369b7108d,0,0,0,0,0,21
963cbf07344e1173e6448fe92b8cd1a3,0,0,0,0,0,8
55e62014c83434dd9bf229d7f12cfa13,0,0,3,0,0,0
